store_name,city,latitude,longitude,target_rating,target_is_successful,median_income,pop_density_sqkm,pct_age_20_39,competitor_count_500m,nearest_transit_distance_m
Miku,Vancouver,49.28691298612272,-123.11304877258942,4.4,1,45590.91,10902.6,48.6,43,18.016058741646436
Kingyo,Vancouver,49.29073911099211,-123.13705023185994,4.4,1,45670.18,26340.41,43.5,25,67.12389420118018
Fanny Bay Oyster Bar & Shellfish Market,Vancouver,49.2787525,-123.1138689,4.4,1,49876.74,17564.06,49.46,46,58.12782738293309
Cactus Club Cafe,Vancouver,49.288953168131265,-123.1170999,4.2,1,45507.69,11268.16,46.63,33,245.2332960520999
Phnom Penh,Vancouver,49.278431,-123.098205,4.2,1,38531.25,9012.49,41.88,13,97.91810475733658
Guu with Garlic,Vancouver,49.290249,-123.1338142,4.3,1,45147.54,24598.78,44.21,24,12.52314887376158
The Flying Pig - Yaletown,Vancouver,49.27501,-123.122,4.0,1,51596.0,20042.06,46.94,35,41.17995688192717
Kosoo,Vancouver,49.28494,-123.12592,4.3,1,45331.51,22831.24,49.03,29,116.00006036151755
Ramen DANBO - Robson,Vancouver,49.2874959131639,-123.128934167326,4.4,1,45588.41,21925.39,46.3,26,59.77120741026365
Lunch Lady,Vancouver,49.27497,-123.06915,4.2,1,45062.86,6833.43,36.64,3,26.65637435986467
Saku,Vancouver,49.28923400821203,-123.13230361739016,4.5,1,45545.45,22153.3,43.79,26,19.06277491233838
Nemesis Coffee,Vancouver,49.28281595985871,-123.11027107703038,4.4,1,47059.26,11555.62,51.66,53,29.921418284342163
Japadog,Vancouver,49.28023880376068,-123.1183512558197,3.9,0,49033.33,18192.7,50.63,63,87.23914647799376
Chinatown BBQ,Vancouver,49.280294,-123.1015,4.4,1,38296.55,12191.04,42.36,30,61.826644650149575
OEB Breakfast Co. - Yaletown,Vancouver,49.273438,-123.119289,4.3,1,53163.83,19943.68,48.4,21,126.63179826788908
Ask For Luigi,Vancouver,49.2844485,-123.0976786,4.1,1,36635.71,8493.28,37.58,11,140.21573015889925
AnnaLena,Vancouver,49.2708261,-123.1467714,4.5,1,54808.33,8546.23,41.65,13,176.34457498564964
Jam Cafe on Beatty,Vancouver,49.2802586,-123.1096376,4.4,1,48429.41,13454.61,48.95,43,53.63485047752803
Cardero's Restaurant & Marine Pub,Vancouver,49.2914561357511,-123.127575841549,3.9,0,44679.07,22035.63,43.23,16,191.1321879242539
Manoush'eh,Vancouver,49.276653,-123.125728,4.8,1,49743.33,22818.21,47.47,42,34.52474980382144
Tendon Kohaku,Vancouver,49.28107123873706,-123.12179426645872,4.3,1,47770.42,21320.82,49.26,48,93.59177718726454
Din Tai Fung 鼎泰豐,Vancouver,49.28562,-123.124798,4.4,1,45241.79,19012.31,48.54,31,122.14393927162793
Chambar,Vancouver,49.2801460007961,-123.109925328073,4.2,1,48120.0,13733.22,48.82,43,32.84746246653956
Blue Water Cafe,Vancouver,49.2761945,-123.1209935,4.4,1,51362.26,21291.91,48.29,49,184.93336476521884
Medina Cafe,Vancouver,49.2804429972571,-123.117036269849,4.2,1,48950.98,18255.76,50.62,60,108.35438108453411
Tom Sushi,Vancouver,49.2815608,-123.1327476,4.7,1,46325.64,25058.72,49.04,10,21.16003423208933
Hello Nori ,Vancouver,49.28559747478766,-123.1261163,4.5,1,45140.85,22129.21,48.26,26,49.88375925906814
Lupo,Vancouver,49.278222058049096,-123.11735347768747,4.3,1,50952.08,20315.08,50.46,52,129.7526362494496
The Red Accordion,Vancouver,49.29025,-123.131768,4.6,1,45387.1,22644.64,43.75,24,83.58864871257039
Botanist,Vancouver,49.2882901,-123.116555,4.3,1,46059.26,11616.93,47.74,36,194.193877453685
Fat Mao Noodles,Vancouver,49.27982129999999,-123.1267997,4.4,1,48612.82,24414.96,48.47,36,104.52113655183466
JOEY Burrard,Vancouver,49.282606,-123.1231879,4.1,1,46740.28,20371.01,50.19,45,54.55291244483032
Nightingale,Vancouver,49.2874110331456,-123.117770967577,4.2,1,46325.0,12484.69,48.29,42,66.98423544307808
Riley's Vancouver,Vancouver,49.287641996861865,-123.1151089,4.3,1,45824.0,11637.95,48.28,37,154.75566780070673
The Fish Counter,Vancouver,49.250774041930285,-123.1012792,4.4,1,49648.72,6693.66,35.05,9,17.590674624909582
Kokoro Tokyo Mazesoba,Vancouver,49.2833927,-123.115078,4.1,1,48435.0,14327.25,51.32,59,48.60017658465843
Saku,Vancouver,49.2631006,-123.11667523250104,4.3,1,56410.0,8660.42,38.38,23,32.28566411987487
La Belle Patate,Vancouver,49.2820547306569,-123.133442922354,4.2,1,45473.08,24198.29,48.94,9,10.782288245137778
Fritz European Fry House,Vancouver,49.2772045,-123.1265253,4.2,1,49603.12,25751.01,47.79,38,25.865813330267375
Salmon n' Bannock,Vancouver,49.2631378,-123.1296705,4.5,1,54507.5,10940.23,40.47,7,49.78713961415875
Kishimoto Japanese Kitchen,Vancouver,49.2665099,-123.06935,4.4,1,43697.44,7228.75,37.78,2,132.29739302730903
Sura Korean Cuisine,Vancouver,49.2888601838143,-123.131742169312,4.1,1,45513.04,22528.33,44.49,27,43.741747276590154
Elisa,Vancouver,49.27597599917006,-123.12142339325408,4.3,1,51384.91,21057.57,48.02,47,147.1631502791943
Maruhachi Ra-men,Vancouver,49.2905691,-123.1333951,4.3,1,45147.54,23765.56,44.18,24,41.804372836499724
Tokyo In April,Vancouver,49.2806813,-123.1073936,4.4,1,43411.76,12415.09,47.61,43,24.90959925756874
Hokkaido Ramen Santouka,Vancouver,49.263127,-123.1168917,4.2,1,56410.0,8660.42,38.38,23,40.59180435220434
Shizen Ya,Vancouver,49.2808844,-123.1246278,4.3,1,48484.62,23522.86,48.41,42,132.55770429391694
Cactus Club Cafe,Vancouver,49.28554081466174,-123.11881637137162,4.1,1,47026.67,17704.84,50.58,53,43.47358892882296
Sawasdee Thai Restaurant,Vancouver,49.24703,-123.1008,4.0,1,48990.62,6065.56,31.94,6,120.09330757117357
Calabash Bistro,Vancouver,49.281004479966,-123.104228199529,4.0,1,40006.45,10966.19,44.37,37,64.9020048252157
Mazahr Lebanese Kitchen,Vancouver,49.2615511,-123.1383052,4.7,1,54488.1,8219.24,41.72,5,46.51157583870222
Happy Noodle House,Vancouver,49.27664,-123.12578,4.6,1,49743.33,22818.21,47.47,41,34.02548772907132
LOCAL Public Eatery Gastown,Vancouver,49.2836468,-123.1039495,4.3,1,39384.62,10523.52,45.32,29,142.87222344169612
Tap & Barrel - Convention Centre,Vancouver,49.289845529586,-123.116857235515,3.8,0,44895.24,12146.31,45.88,22,345.6260323306837
Social Corner- Coal Harbour,Vancouver,49.28789956950066,-123.11817217614248,4.5,1,46348.39,14620.07,48.49,38,119.03831206827327
Kozak Ukrainian Restaurant,Vancouver,49.28266968028282,-123.1045676752585,4.6,1,40528.57,11038.37,44.97,39,25.769941909627654
Encore Suite,Vancouver,49.2776420028873,-123.109174971689,4.3,1,49511.76,17934.25,49.78,24,143.18947504303492
Nook,Vancouver,49.2917554,-123.1352974,4.2,1,45631.37,26455.61,42.94,20,73.23016013922218
Alouette Bistro,Vancouver,49.2853,-123.11829,4.3,1,46841.86,17466.69,51.56,55,85.34953640145096
Alchemy Bar and Kitchen,Vancouver,49.27422,-123.124,4.3,1,51250.98,22315.78,45.61,27,128.93725279774492
Okeya Kyujiro,Vancouver,49.27581579131156,-123.1197521,4.8,1,52132.0,21480.58,47.98,43,97.53086948772435
Suyo Modern Peruvian,Vancouver,49.2540292,-123.1010659958052,4.5,1,50767.57,7972.15,38.8,8,35.312608922287225
Le Crocodile Restaurant,Vancouver,49.2825393,-123.1252052,4.3,1,47250.62,23195.66,49.65,39,57.470293970622656
Pink Peppercorn Seafood House,Vancouver,49.2493583,-123.0739159,4.4,1,39221.05,7081.01,33.79,2,90.19437534294747
Pourhouse Restaurant,Vancouver,49.2841134475502,-123.10842879595,4.0,1,43288.89,10466.33,49.76,48,94.96230478590621
Linh Cafe,Vancouver,49.2746716,-123.12989802,3.9,0,50539.29,21215.01,44.7,23,89.95986943766403
The Northern Cafe and Grill,Vancouver,49.208549754278906,-123.0724741261907,4.7,1,37778.95,5262.36,27.92,0,269.1526903356999
Hokkaido Ramen Santouka,Vancouver,49.290236,-123.133811,4.2,1,45147.54,24598.78,44.21,24,12.129937086738893
ARC Restaurant,Vancouver,49.28733537787621,-123.11385049155078,4.0,1,46400.0,11107.71,49.0,35,62.29366163490229
iDen & Quan Ju De Beijing Duck House,Vancouver,49.26021,-123.1148451,3.6,0,55070.27,8103.33,38.98,22,24.224472265820076
The Sandbar Seafood Restaurant,Vancouver,49.271502,-123.134151,3.7,0,53185.37,13765.48,41.32,12,361.01066746939097
Five Sails Restaurant,Vancouver,49.2880313351364,-123.113292160758,4.4,1,45684.21,9656.4,46.68,31,125.02085569037105
Dinesty Dumpling House,Vancouver,49.2908176,-123.1343912,3.9,0,45233.33,25063.69,44.1,23,84.88591901852101
St Lawrence Restaurant,Vancouver,49.2832584031253,-123.097993419888,4.4,1,37579.31,8625.43,38.62,19,10.930447176184115
Rodney's Oyster House,Vancouver,49.274326,-123.123131,4.0,1,51653.06,20256.81,46.24,29,74.32290006895414
Twisted Fork,Vancouver,49.283155,-123.104441,4.1,1,39384.62,10523.52,45.32,36,80.50847009876263
Dosanko,Vancouver,49.28278,-123.09194,4.0,1,33908.33,6667.59,34.63,7,113.23606455596943
España Restaurant,Vancouver,49.2880552,-123.1404114,4.2,1,45482.76,24653.96,43.57,9,59.12639236246667
Nero Waffles,Vancouver,49.27834403099929,-123.122044653573,4.4,1,49590.62,21693.12,48.95,59,64.19859942071194
Peaked Pies,Vancouver,49.2896489,-123.1384797,4.4,1,45532.2,25848.9,43.64,22,51.52549399575768
John 3:16 Malaysian Delights,Vancouver,49.26371,-123.12812,4.2,1,55361.54,10785.21,39.89,10,48.203133682204864
Cockney Kings Fish & Chips,Vancouver,49.272672,-123.148627,4.8,1,54948.48,8328.06,43.06,7,27.832981356298493
ONIGIRI YA,Vancouver,49.26339,-123.11652,4.6,1,56396.55,8360.95,38.1,23,6.678860193750218
Nuba in Gastown,Vancouver,49.2827625062516,-123.109646101134,4.0,1,45337.93,11833.53,50.91,54,58.25295567289824
The Magnet,Vancouver,49.28242131064444,-123.11118325952978,4.6,1,47712.5,12542.43,51.69,53,14.671275283084992
Sooda Korean BBQ,Vancouver,49.28256,-123.10628,4.6,1,41170.37,11010.59,46.96,39,73.97469700318338
Anh and Chi,Vancouver,49.2550314422938,-123.100882202153,4.0,1,51346.34,8329.22,40.74,10,7.911230767375117
Jeju,Vancouver,49.26228121460416,-123.0920469229725,4.5,1,46745.24,7971.15,46.91,7,36.45769331633955
Robba Da Matti,Vancouver,49.283146323514835,-123.10375675641404,4.6,1,38866.67,10472.78,44.73,32,100.90842140528632
The Mexican Antojitos Y Cantina,Vancouver,49.2787726,-123.1240268,4.3,1,48940.0,23795.76,48.41,58,107.3608701761091
Zarak By Afghan Kitchen,Vancouver,49.266224,-123.1006089,4.5,1,52485.71,8585.34,50.09,8,29.49789035253302
The Mackenzie Room,Vancouver,49.2832349,-123.0948578,4.5,1,35130.77,7868.87,35.62,8,82.75986997150278
Published on Main,Vancouver,49.25283186017385,-123.10116032897228,4.3,1,50371.43,7705.59,38.29,8,48.80749788810439
Marulilu Cafe,Vancouver,49.26338,-123.11415,4.0,1,56120.0,9816.14,42.82,20,31.853446860580696
Bodega On Main,Vancouver,49.27548853708847,-123.09968391901442,3.8,0,40803.57,12065.71,46.37,9,19.200560082215784
Burger Crush,Vancouver,49.27977707759172,-123.12350184856516,4.3,1,48797.18,23263.66,48.41,50,69.2665965867354
Maruhachi Ra-Men,Vancouver,49.27854065320407,-123.1157914,4.1,1,50206.12,18095.77,50.6,44,66.46283794191034
Dovetail,Vancouver,49.27599363324675,-123.120331,4.3,1,51988.24,21308.05,48.13,47,138.4214740908193
Takenaka,Vancouver,49.2783093,-123.0755801,4.3,1,44495.65,4715.68,37.01,4,235.49404203295592
Angus T,Vancouver,49.2762326068102,-123.119233623147,4.3,1,51669.39,21134.36,48.2,49,66.5077691612502
Minami,Vancouver,49.2752733,-123.1207029,4.1,1,51796.0,20869.79,47.75,35,118.4290638563887
Tap & Barrel - Bridges,Vancouver,49.2727468,-123.1359964,4.3,1,53721.43,13074.09,41.17,12,377.35230127381806
La Grotta Del Formaggio,Vancouver,49.2688848,-123.0697849,4.3,1,44605.0,7141.66,37.33,3,95.41351845558347
The Patty Shop,Vancouver,49.250721434013,-123.167994263811,4.4,1,40913.04,3642.45,24.07,0,103.1138465134243
Zab Zaab Thai Cuisine,Vancouver,49.27493,-123.12321,4.5,1,51157.69,20357.6,46.5,31,50.53700969207118
Fresh Donair,Vancouver,49.2792016361722,-123.12335201658,4.7,1,48877.14,23774.53,48.39,59,96.84285121907533
Homura Yakiniku,Vancouver,49.263136,-123.125637,4.4,1,54956.41,10854.24,38.4,12,195.28401074863635
Banana Leaf,Vancouver,49.28001,-123.13009,3.6,0,47289.74,25600.96,48.41,28,64.92180091664216
Seaport City Seafood Restaurant,Vancouver,49.263921119674905,-123.115152,4.2,1,55909.68,9895.18,42.86,20,63.029969693515326
Superbaba,Vancouver,49.2633297,-123.1012681,4.6,1,52568.75,10388.63,50.29,12,36.18236811168609
Earls Kitchen + Bar,Vancouver,49.281536,-123.12368,3.7,0,47422.37,23280.93,48.55,42,94.75953933089058
Oku Izakaya Bar,Vancouver,49.283441,-123.1044594,4.7,1,39384.62,10523.52,45.32,31,111.8033469853145
Mount Everest Kitchen & Grill,Vancouver,49.28343057225757,-123.1142148824853,4.6,1,48284.21,13601.73,50.91,54,57.847696312459725
Les Faux Bourgeois,Vancouver,49.2572813531481,-123.089767330802,3.9,0,46181.63,8943.99,42.35,6,43.73532179066232
Elem Vancouver,Vancouver,49.266199,-123.100564,4.3,1,52485.71,8585.34,50.09,8,31.427079382194197
Toyokan Bowl,Vancouver,49.27055,-123.14762,4.7,1,54797.44,8793.34,41.54,12,203.17053166414894
Banana Leaf,Vancouver,49.26302,-123.1225,3.7,0,55465.71,10228.27,39.65,18,47.78477201639204
Gyu-Kaku Japanese BBQ,Vancouver,49.28031,-123.12467,4.0,1,48620.78,23281.34,47.96,37,69.91408107937275
Caveman Cafe,Vancouver,49.280802324947445,-123.10703500282293,4.4,1,42812.5,12649.65,47.28,42,10.85113292041144
Oyster Express,Vancouver,49.2792784082144,-123.097397130932,4.5,1,38194.12,7614.85,41.54,16,22.003842126836325
Sushi Jin,Vancouver,49.2795794102629,-123.123817518353,4.6,1,48797.18,23263.66,48.41,49,47.667898302436555
Kook Korean BBQ,Vancouver,49.26894,-123.04565,4.2,1,35914.29,6069.4,30.06,0,94.1170448428135
Score on Davie,Vancouver,49.2823221457395,-123.134614739512,4.3,1,45461.04,22773.07,48.79,7,30.701075416589315
Pholicious,Vancouver,49.28297,-123.11279,4.3,1,48111.11,12889.19,51.19,55,21.585621394134222
Wow Full Noodle House,Vancouver,49.28255,-123.1145,4.7,1,48229.27,13973.04,51.12,61,83.57977716485672
Meat & Bread,Vancouver,49.2826255017147,-123.109336831057,4.2,1,45337.93,12068.21,50.98,53,56.99281447592099
Brunch,Vancouver,49.2778182,-123.1254634,4.5,1,49274.63,23857.68,47.8,46,87.20789157676604
Zakkushi on Denman,Vancouver,49.291208,-123.136248,4.2,1,45414.81,26785.84,43.37,23,23.621919993353757
Fat Mao,Vancouver,49.27881,-123.09893,4.0,1,38531.25,9012.49,41.88,16,52.158278640314904
Skewers Souvlaki Pita Bar,Vancouver,49.28317,-123.10286,4.6,1,38172.41,10158.84,43.78,28,86.19663424731543
Ray's,Vancouver,49.275365,-123.121483,4.4,1,51750.0,19022.15,47.32,39,93.73612079133005
The Greek By Anatoli,Vancouver,49.276285,-123.1197178,3.8,0,51415.69,21244.29,48.11,47,100.89878998112509
Song,Vancouver,49.2629749,-123.0986667,4.4,1,50631.43,7019.83,47.97,14,52.72525838719499
Vij's Restaurant,Vancouver,49.25754,-123.11479,4.0,1,55243.24,8451.93,38.49,8,43.33110703812407
Maenam,Vancouver,49.26787,-123.1488979,3.9,0,55197.87,9328.23,41.69,12,67.60757269014788
Zoomak Korean Tavern,Vancouver,49.28343,-123.10292,4.2,1,38207.14,10135.55,43.88,28,115.43124261321321
Osteria Savio Volpe,Vancouver,49.2574913,-123.0909344,4.2,1,46455.77,9111.05,42.93,6,72.80815574264885
Mr Shawarma,Vancouver,49.28526,-123.12075,4.4,1,46052.0,17582.68,49.67,55,41.06660257254003
Yolks ,Vancouver,49.278737,-123.128973,4.5,1,48781.08,26130.36,48.11,27,8.127355921869666
New Fuji,Vancouver,49.27082027992868,-123.14700923860072,4.3,1,54656.76,8619.11,41.65,12,173.76365364293565
Jinmi,Vancouver,49.27852246473989,-123.1143514,4.6,1,50304.44,17498.49,49.97,46,31.65348298490941
Fable Diner,Vancouver,49.2630749,-123.1019822,3.9,0,52830.3,10196.9,49.68,11,88.13699893877123
Le Petit Belge,Vancouver,49.278975790117805,-123.116520502828,4.2,1,49978.43,18276.77,50.58,48,26.71819240997117
Alley 16,Vancouver,49.257017,-123.11474,4.6,1,55255.88,8169.45,37.53,8,19.86118842075381
Teahouse in Stanley Park,Vancouver,49.3012529987012,-123.157079257071,4.1,1,,,,0,1563.4447259947315
New Town Bakery & Restaurant,Vancouver,49.280153,-123.101201,3.8,0,38873.33,12027.22,42.26,30,50.7245616612047
La Taqueria Pinche Taco Shop,Vancouver,49.263617,-123.112593,4.2,1,55803.57,9629.0,43.51,19,135.11039422200693
Horin Tonkotsu Ramen ,Vancouver,49.28617,-123.12749,4.2,1,45221.92,22052.17,47.42,27,13.16158346915599
Dynasty Seafood Restaurant,Vancouver,49.2635999,-123.12138,3.6,0,55503.03,10655.59,39.25,23,41.61266752301832
Earls Kitchen + Bar,Vancouver,49.285968141691775,-123.12656576441812,3.8,0,45286.96,21868.16,48.38,27,14.360533121604128
International Food Fair,Vancouver,49.28533,-123.11718,3.8,0,46785.37,15446.68,50.47,52,66.97086827985915
TAKO,Vancouver,49.278816,-123.1078822,4.0,1,45854.05,14772.88,47.73,32,38.02049646676038
Vonns,Vancouver,49.28724,-123.14124,4.5,1,45635.09,24715.08,44.79,6,21.324130578282826
Jerusalem Shawarma,Vancouver,49.280356,-123.118634,4.6,1,49063.79,18296.73,50.58,60,79.17196714434743
Bahar Cafe,Vancouver,49.28069,-123.11846,4.8,1,48505.17,18002.03,50.35,60,40.01429986914926
Maxine's Cafe & Bar,Vancouver,49.27807,-123.13131,4.3,1,48939.73,21414.39,47.34,16,26.11326286821928
Big Way Hot Pot,Vancouver,49.281753,-123.120701,4.1,1,47789.71,21303.48,49.73,54,39.97699612425684
Burgoo Bistros,Vancouver,49.25765498958033,-123.100815,3.9,0,50885.71,8648.13,42.96,9,59.3212968188686
Axum Restaurant,Vancouver,49.2814936637038,-123.07779582314,4.4,1,40988.89,3524.52,36.2,3,8.60155182250483
Sushi Hil,Vancouver,49.2554661,-123.1011451,4.6,1,51278.05,8268.44,41.49,10,52.47978886595308
Meat & Bread,Vancouver,49.2872146,-123.1188744,4.0,1,46235.29,15118.82,48.63,43,74.44711069775016
Indian Roti Kitchen,Vancouver,49.25901,-123.11538,4.5,1,55087.18,7800.14,39.17,16,35.4263187794138
Market Grill,Vancouver,49.2726237,-123.1356235,4.0,1,53797.62,13319.17,41.38,12,366.86505866204004
Emeri Matcha Bar,Vancouver,49.25985515950016,-123.10136160271884,4.6,1,51782.05,8353.72,45.94,13,7.584487682214264
Mean Poutine,Vancouver,49.2794438014385,-123.123368918896,3.9,0,48877.14,23249.57,48.36,56,83.29187982832238
Tre Viet,Vancouver,49.28812950568292,-123.1403068,4.7,1,45482.76,24653.96,43.57,10,48.315688769045465
Toshi Sushi,Vancouver,49.256699,-123.101936,4.3,1,51512.2,8371.55,42.45,10,63.83441263172546
Ramen DANBO - Kitsilano,Vancouver,49.26828,-123.146431,4.3,1,54858.33,9727.12,41.0,14,20.83910023200747
Haliná,Vancouver,49.281312044621686,-123.0557762,4.6,1,41870.27,6741.5,35.66,5,28.387054766357945
Gotham Steakhouse & Bar,Vancouver,49.28290359590047,-123.115883832301,4.1,1,48162.79,14343.81,51.37,59,24.873761004165587
Steamworks,Vancouver,49.28498,-123.11084,3.6,0,46241.67,11248.66,50.43,41,33.36907493013415
Thierry,Vancouver,49.2848818,-123.1228949,4.0,1,45468.75,19171.58,49.57,44,85.16217353199482
Seasons In the Park,Vancouver,49.2416705486198,-123.112535476685,4.0,1,43920.0,3293.94,36.83,0,289.3920187613742
Ignite Pizzeria,Vancouver,49.27724,-123.11858,4.6,1,51308.0,20261.52,49.15,54,124.9590460025596
Dante Italian Sandwich,Vancouver,49.279199,-123.116803,4.3,1,49829.41,18350.55,50.67,51,39.916334740519694
Los Elotes,Vancouver,49.26332,-123.11646,5.0,1,56396.55,8360.95,38.1,23,3.5225922915261574
Caffe La Tana,Vancouver,49.2788597356837,-123.070581380828,4.5,1,44535.48,5385.91,37.97,4,24.31930414469531
Japadog,Vancouver,49.285942555161974,-123.1123797035985,4.1,1,46775.0,11012.77,50.05,47,14.877413256176009
Wang's Shanghai Cuisine,Vancouver,49.232843,-123.034814,4.3,1,35114.29,9657.74,35.87,5,76.830240166278
Cuchillo,Vancouver,49.283262611469,-123.098110155039,4.2,1,37579.31,8625.43,38.62,19,4.732010368068061
Takenaka Uni Bar,Vancouver,49.283034,-123.1030239,4.5,1,38172.41,10158.84,43.78,28,74.55375186789615
Pho 37,Vancouver,49.28909,-123.13232,4.6,1,45545.45,22153.3,43.79,26,23.334727955288802
Granville Kebab & Poutine,Vancouver,49.279271,-123.123571,4.7,1,48797.18,23786.04,48.44,57,79.4407198122366
Perfecto Cafe,Vancouver,49.276804,-123.125213,4.1,1,49710.0,23872.97,47.91,43,42.372934368297024
Yasma,Vancouver,49.293372954206546,-123.1321844713631,4.4,1,45521.95,26061.01,40.89,17,141.00287075200177
Portuguese Club of Vancouver,Vancouver,49.2744271,-123.0693279,3.6,0,45062.86,6833.43,36.64,3,78.87500519046954
Batard Boulangerie & Cafe Moderne,Vancouver,49.2495337429805,-123.089919893626,4.4,1,45352.5,6751.17,31.85,4,38.60414619244038
Captain's Oven Pizza,Vancouver,49.287574432889535,-123.121025,4.5,1,45318.18,16371.64,47.73,39,85.29436458306465
The Morrissey Pub,Vancouver,49.2769058,-123.1268211,3.7,0,49645.45,22946.89,47.37,37,61.32194013531494
Green Leaf Sushi,Vancouver,49.2642679,-123.1801,3.9,0,48283.33,6391.38,34.84,0,96.55363894239433
KINTON RAMEN ROBSON,Vancouver,49.27955,-123.117318,4.4,1,49829.41,17989.5,50.63,57,89.04726163170261
Torafuku,Vancouver,49.27589499983855,-123.09961118220762,3.8,0,39507.14,11592.53,45.45,10,64.59302327058757
Chili Pepper House,Vancouver,49.236254639793266,-123.04171146419895,3.8,0,34656.41,8290.75,33.96,3,55.21784703979876
Saba Foods,Vancouver,49.260076553366275,-123.13904964662748,4.4,1,54307.14,8226.7,42.14,2,42.21255074231568
Palate Kitchen,Vancouver,49.286282,-123.115634,4.1,1,46700.0,14218.14,50.58,46,115.9995307421984
Straight Outta Brooklyn NYC Pizzeria,Vancouver,49.2791165,-123.1166227,4.1,1,49663.46,18380.5,50.45,49,26.57271239776389
The 515 bar,Vancouver,49.283842,-123.1144244,4.7,1,47862.86,13497.99,51.69,55,61.39761343851785
Social Corner,Vancouver,49.2785831916346,-123.118480343303,3.6,0,49698.15,20336.11,50.2,51,172.82426498816096
Browns Socialhouse QE Theatre,Vancouver,49.279919,-123.112788,4.3,1,48625.64,14659.56,49.27,53,27.764172840862194
Oceans 999,Vancouver,49.2881297,-123.1148699,3.5,0,45740.0,9547.9,47.5,34,177.4790549006326
Marugame Udon,Vancouver,49.2801931,-123.11028743227573,4.0,1,48120.0,13733.22,48.82,47,39.891791210975384
Van Tea Cafe,Vancouver,49.233265,-123.1013951,3.8,0,39816.0,5353.23,32.36,0,12.272217024823014
The Farmhouse,Vancouver,49.26185879464837,-123.09710762514682,4.0,1,49382.5,7098.41,47.1,13,116.8107816722688
Yama Cafe,Vancouver,49.2813049,-123.0632877,4.4,1,43266.67,5508.42,38.22,1,78.63223868086577
Ukrainian Village,Vancouver,49.2914123,-123.1358196,4.1,1,45414.81,26785.84,43.37,22,20.654445739245887
Nero Waffles,Vancouver,49.2907208,-123.1339952,4.3,1,45147.54,24598.78,44.21,23,60.22554573243856
The Dirty Apron Delicatessen,Vancouver,49.2805632,-123.1091772,4.5,1,47288.24,13234.57,49.32,44,96.99520847529543
Moltaqa Moroccan Restaurant,Vancouver,49.27642,-123.11897,3.8,0,51669.39,21134.36,48.2,50,65.39879127580586
Siegel's Bagels,Vancouver,49.2726237,-123.1356235,3.9,0,53797.62,13319.17,41.38,12,366.86505866204004
Kulinarya,Vancouver,49.2744901,-123.0693269,4.0,1,45062.86,6833.43,36.64,4,71.90279679396212
Giardino,Vancouver,49.276991,-123.1301021,3.9,0,49759.42,21599.71,46.88,15,124.7071399330007
Pho Khanh Express,Vancouver,49.2763,-123.11561,4.4,1,52147.73,20499.73,50.1,34,53.310125257652864
European Breads,Vancouver,49.2463202,-123.0899976,3.7,0,44147.37,6678.9,30.92,4,22.59492681620373
AJ's Brooklyn Pizza Joint,Vancouver,49.2629437687572,-123.098307028413,4.2,1,49434.21,7075.75,47.6,14,30.96969023904767
Oddfish,Vancouver,49.2708136,-123.1475237,4.1,1,54839.47,8712.44,41.68,12,173.35448344019647
Moose's Down Under,Vancouver,49.285638,-123.11634,3.9,0,46411.11,14832.34,50.36,51,65.60564823224279
Acquafarina,Vancouver,49.281192528357174,-123.11539859159646,4.1,1,48910.42,14937.25,50.02,58,30.927711481519104
Western Lake Chinese Seafood Restaurant,Vancouver,49.23933628972885,-123.0655687885182,4.0,1,33394.12,7512.89,32.71,2,36.825757840003504
Breakfast Table,Vancouver,49.25855,-123.13856,4.3,1,53861.11,8128.57,43.33,2,27.90070349350148
MamaLee,Vancouver,49.27961961550342,-123.108583,4.3,1,45805.26,13705.83,47.0,37,54.39267739421313
Osaka Teppanyaki Steak & Seafood House,Vancouver,49.263417,-123.1453266,3.9,0,53668.89,10464.45,41.75,1,24.622629599187647
Le Parfait,Vancouver,49.27914137816261,-123.1171837,4.6,1,49829.41,18350.55,50.67,52,67.07960951795658
Shiok Singapore Cuisine,Vancouver,49.2469321,-123.0693059,3.8,0,37450.0,7561.02,34.17,1,33.97956968858394
Bam Bam,Vancouver,49.27884508068396,-123.1128639450468,4.4,1,50517.5,17512.51,50.52,48,67.13861792975753
Pizza Rubato Napoletana,Vancouver,49.2635503,-123.1170685,4.3,1,56410.0,8662.82,38.18,23,50.05391513370496
Shiro,Vancouver,49.25796735722776,-123.11460624110458,4.1,1,55243.24,8451.93,38.49,9,69.383026615694
Fuwa Fuwa,Vancouver,49.28874,-123.13151,4.0,1,45513.04,22528.33,44.49,26,64.24548355791134
Homer St. Cafe and Bar,Vancouver,49.27842589023651,-123.11812388962127,3.8,0,50040.38,20563.08,50.16,50,157.1460427080893
Paul's Omelettery Restaurant,Vancouver,49.26597,-123.1389,3.9,0,54176.19,9828.28,41.14,7,53.447771013200246
Unchai Thai Restaurant,Vancouver,49.265112,-123.145913,4.4,1,54695.74,10806.7,40.66,7,145.42869715916842
Vancouver European Deli,Vancouver,49.2820012,-123.1339713,4.2,1,45332.89,24425.52,48.9,8,28.83180255842788
Ash Street Bistro,Vancouver,49.233925,-123.118871,4.2,1,36837.5,3449.61,32.65,1,95.34511548905608
Nana's Green Tea,Vancouver,49.267587,-123.1086543,4.2,1,54575.0,10968.48,46.58,3,178.42535179216435
The Keg Steakhouse + Bar,Vancouver,49.28602851408301,-123.12446573128037,4.1,1,45022.22,18315.58,47.96,31,82.37466953270008
Xin Chào,Vancouver,49.2626123961945,-123.11515357347383,4.1,1,55262.5,8301.71,39.31,21,23.014529264933575
Landmark Hotpot House,Vancouver,49.2498660758194,-123.11556053834,3.9,0,51336.0,5343.97,33.1,0,55.13900154827208
Pizzeria Ludica,Vancouver,49.2800427277576,-123.108486811639,4.0,1,45027.78,13441.93,48.16,41,91.1827877740829
A.Bento,Vancouver,49.263164,-123.118857,3.9,0,56009.09,8141.12,38.18,27,59.231475012495146
Italian Kitchen,Vancouver,49.2825685,-123.1236112,3.8,0,47012.16,20529.05,49.81,46,37.65176997702649
Whole Food Market,Vancouver,49.2640495,-123.1150513,3.9,0,55909.68,9895.18,42.86,20,47.80106632351413
Le Marché St. George,Vancouver,49.2456344,-123.0941734,4.1,1,45500.0,5641.75,30.57,3,290.3267117542322
Cafe & Life Co.,Vancouver,49.265218,-123.116184,4.5,1,57748.28,10835.6,40.79,20,80.51223806682377
Perfecto Cafe,Vancouver,49.28871769896423,-123.1314811,4.9,1,45513.04,22528.33,44.49,26,67.48825242440192
New Amsterdam Café,Vancouver,49.283004,-123.110008,3.9,0,46207.14,11679.35,51.18,52,21.622189402728136
Breka Bakery & Cafe,Vancouver,49.2857242811844,-123.1271553452,3.9,0,45197.33,22271.77,48.26,28,38.03449187077022
Trafiq Cafe & Bakery,Vancouver,49.2474862,-123.1011218,4.4,1,48990.62,6065.56,31.94,6,109.07476380875701
Caffe Di Beppe,Vancouver,49.28235624721356,-123.1045101,4.3,1,40528.57,11038.37,44.97,39,13.103100949256625
Bread x Butter Cafe,Vancouver,49.2841611,-123.1199654,4.0,1,46815.09,18828.57,51.3,58,53.83437557798638
Terra Breads,Vancouver,49.27144458615277,-123.1067987907931,3.9,0,52291.3,13849.82,48.92,2,231.27163287249448
Mercato Di Luigi,Vancouver,49.259654006064046,-123.0913247,4.5,1,47051.06,9906.13,45.47,9,166.15979196441452
The Flying Whale Waterfront Cafe,Vancouver,49.2892871686,-123.110275449,4.4,1,42636.36,7461.07,42.61,13,300.3398140374412
Crackle Creme,Vancouver,49.27776,-123.0981399,4.3,1,38103.45,9891.2,41.78,13,92.61955974144102
Broye Cafe & Bakery,Vancouver,49.285311,-123.117205,4.3,1,46900.0,15793.03,50.46,52,65.9391971442138
Their There,Vancouver,49.2679649501648,-123.151158941154,4.2,1,55439.58,9783.32,41.05,13,27.532232653138315
Aiyaohno Cafe,Vancouver,49.28108,-123.1049,4.6,1,40960.0,11371.41,45.88,40,42.08049998408069
Cafe Kitsune,Vancouver,49.2843189,-123.10811606730482,4.1,1,42692.31,9881.52,48.8,45,126.01318692826405
Nonna's Cucina,Vancouver,49.280915,-123.060235,4.5,1,42356.76,5769.66,36.65,4,38.363346951684704
Hunnybee,Vancouver,49.2778557236571,-123.097276474569,4.0,1,37620.0,10014.45,41.21,13,58.177246037886434
Café Portrait,Vancouver,49.2881056129168,-123.140413686633,4.3,1,45482.76,24653.96,43.57,10,54.35843505071338
Marché Mon Pitou,Vancouver,49.2654349,-123.1357134,4.2,1,54719.51,10589.63,40.54,4,192.7447407540763
The Golden Horn Turkish Bakery & Cafe,Vancouver,49.25981092848732,-123.11540668,4.7,1,55188.89,7906.37,39.92,23,38.62103190357008
Cowdog Coffee,Vancouver,49.2682421476335,-123.1486199,4.1,1,54951.06,9544.92,41.08,13,88.47572774588312
Honeybrew,Vancouver,49.27770339765184,-123.1269430835161,4.1,1,49326.47,24027.21,47.8,37,17.1768403322199
7 Days Coffee,Vancouver,49.2762673787726,-123.11571355470014,4.6,1,52020.0,20733.57,50.39,34,59.133156707870604
To Live For Bakery,Vancouver,49.27121199258215,-123.0565958,4.6,1,42724.32,6058.1,31.87,0,146.33019450738036
Dutch Wooden Shoe Cafe,Vancouver,49.2560017,-123.114899418709,3.8,0,54883.78,7844.58,37.64,7,63.34546632142724
Convivial Cafe and Bakery,Vancouver,49.2675426,-123.1196639,4.7,1,56671.43,12729.41,40.74,7,142.76806319664792
Truck Stop Cafe,Vancouver,49.2754522,-123.0771151,4.3,1,43616.0,4994.09,35.98,2,20.432294854874304
Saunter Coffee,Vancouver,49.2825165,-123.1112558,4.5,1,47712.5,12542.43,51.69,53,9.648950234817377
Sio Bread,Vancouver,49.2788451,-123.09957643313524,4.4,1,38703.23,12103.31,42.17,15,13.844576099776946
Caffe Mira,Vancouver,49.2787456,-123.129878,4.3,1,48665.79,26385.38,48.14,27,25.469735034824225
Mishmish,Vancouver,49.25398,-123.09019,4.5,1,45881.4,7510.25,36.83,6,14.729684762512884
JJ Bean Coffee Roasters,Vancouver,49.287471,-123.116865,3.8,0,46193.1,12201.88,48.28,42,110.38428584974305
Greenhorn Cafe,Vancouver,49.2866689,-123.1341521,4.1,1,45333.33,24243.11,44.86,26,320.22547462333034
Annabelle's,Vancouver,49.27908159282256,-123.10187134891748,4.8,1,38873.33,12425.85,43.12,27,143.41276618006808
Caffe Mira,Vancouver,49.2568399,-123.10088,4.2,1,50754.55,8463.47,42.64,10,17.820810163324396
Halfday Tea + Flower,Vancouver,49.2635709085802,-123.124036450926,4.1,1,55141.03,10809.15,38.93,15,86.65648717447714
Catfe,Vancouver,49.28029,-123.10675,3.5,0,42812.5,12649.65,47.28,41,68.91756015947936
Chez Nous,Vancouver,49.27446660098396,-123.12415938465575,4.2,1,51034.62,22041.28,45.68,28,126.76996194603973
Nīzu Cafe,Vancouver,49.28529078349641,-123.11634502209048,4.1,1,47255.0,15754.82,50.77,54,26.99639486240032
Wren Cafe,Vancouver,49.2763871,-123.1188171,4.3,1,51645.83,21151.02,48.57,45,56.16012002371709
Propaganda Coffee,Vancouver,49.2804927884879,-123.09908829727,4.0,1,38806.25,9252.92,42.34,25,22.037457179485838
Mah Milk Bar,Vancouver,49.271091,-123.065523,4.4,1,45038.1,7151.59,35.54,4,292.8593285370431
C Market Coffee,Vancouver,49.23830235993891,-123.1019412,3.7,0,43366.67,3852.36,31.0,0,44.74941794777198
Artigiano- Cambie,Vancouver,49.26423028055726,-123.11449449509382,4.3,1,55974.07,9542.23,42.62,19,44.76584690979027
Waffleland Cafe,Vancouver,49.2834917,-123.1050237,4.1,1,40148.15,10727.83,45.68,33,120.09531353368529
Thierry - Mount Pleasant,Vancouver,49.262040137647766,-123.09941897473132,4.0,1,51134.21,8607.22,46.31,14,13.25683656310414
JJ's Fine Dining,Vancouver,49.2813,-123.11124,4.5,1,48109.09,13371.47,50.82,55,55.13118494679265
LOT185 Cafe + Wine Bar,Vancouver,49.28971,-123.11607,4.5,1,45220.0,9636.86,44.98,25,350.0989032272931
Sneaky Pete's Pool Cafe,Vancouver,49.280892171875216,-123.07399213314056,4.5,1,43440.0,4497.5,37.97,4,53.107983174913024
93 Coffee,Vancouver,49.28853156299956,-123.1392191,4.2,1,45413.33,25153.23,43.96,18,32.49257446206352
Hello Kitty Cafe,Vancouver,49.28660343734038,-123.1281965598464,3.8,0,45256.34,21628.92,46.99,24,81.37071706793131
Legato Tea and Coffee,Vancouver,49.234794,-123.1595431,4.3,1,41843.48,4513.72,24.43,6,58.642033951675394
The Belgian Chocolate Cafe,Vancouver,49.27486,-123.112955,3.8,0,52597.5,20168.86,48.82,15,199.98271509131308
Matchstick Coffee,Vancouver,49.257302653286,-123.090361582581,3.9,0,46328.57,9001.95,42.61,6,32.16977667939816
Prado Cafe,Vancouver,49.2818961,-123.1074141,3.9,0,42937.5,12267.04,47.81,42,43.337178998586076
Rocanini Coffee Roasters,Vancouver,49.27719779103568,-123.11522535767266,4.2,1,51655.56,20846.63,50.26,37,90.0279762232616
Ele Cafe,Vancouver,49.263563,-123.124043,4.3,1,55141.03,10809.15,38.93,15,86.97871326167123
Lumine Coffee,Vancouver,49.26821520893845,-123.1496446218722,4.3,1,55180.43,9403.09,41.67,12,23.1441666566892
C41 Coffee,Vancouver,49.2682375,-123.1708713,4.7,1,52511.11,7806.01,38.77,3,147.78227390664122
Knight Street Cafe,Vancouver,49.2496779,-123.07631192270182,4.3,1,40810.0,7256.51,34.28,2,5.828708800699024
Social Crust,Vancouver,49.2826504,-123.1114627,4.6,1,47712.5,12542.43,51.69,50,20.945798372998013
Breka Bakery and Cafe,Vancouver,49.2914,-123.13592,3.9,0,45418.87,26560.89,43.04,23,17.796508754758495
Elysian Coffee Broadway,Vancouver,49.263083,-123.117317,4.0,1,56474.19,8686.31,38.34,25,64.50180952460778
Cafe Lokal,Vancouver,49.2683300473659,-123.16486839205,4.4,1,53602.5,9428.5,41.72,2,10.41032566998696
Continental Coffee House,Vancouver,49.2472882191904,-123.101281828922,4.0,1,48990.62,6065.56,31.94,6,131.11832959958338
Honolulu Coffee,Vancouver,49.2344233,-123.154854,3.9,0,42226.09,4148.81,24.29,6,28.0418677725457
Cafe Algarve,Vancouver,49.2597049,-123.0700568,3.8,0,44087.18,6894.88,39.0,0,38.81284387315877
JOY Cafe,Vancouver,49.2098293,-123.1182943,3.5,0,35190.48,4255.0,38.44,0,52.8674066374034
Ellipsis,Vancouver,49.269369644600665,-123.1401449,3.5,0,55294.74,9085.86,38.11,14,30.397664378871315
Pallet Coffee Roasters,Vancouver,49.28691488337768,-123.1223509,5.0,1,45223.53,17323.34,47.68,41,72.4494295588742
Wicked Cafe,Vancouver,49.26544874408263,-123.135842,3.8,0,54719.51,10589.63,40.54,5,183.29465352618442
Mink - A Chocolate Café,Vancouver,49.2864696,-123.1156543,3.6,0,46700.0,14218.14,50.58,45,121.71131913664377
Cafe Algan,Vancouver,49.21776115384755,-123.1184714888478,4.7,1,35568.42,4558.62,34.16,0,145.17350864465786
Charisma Cafe & Dessert House,Vancouver,49.27998259460614,-123.1087145,3.9,0,45367.57,13394.77,47.65,39,73.36852621854904
Livni Café & Bakery,Vancouver,49.2640185,-123.1557477,4.8,1,53075.0,10332.53,41.45,2,6.513638809895835
Breka Bakery & Café,Vancouver,49.24383730986246,-123.10114614665508,3.9,0,47051.85,4312.25,30.54,4,32.11319148193541
Peaked Pies,Vancouver,49.263195928516275,-123.12079366441708,4.0,1,56488.24,8450.08,39.11,24,36.43138605784375
Mitchie Matcha,Vancouver,49.2462951,-123.1015338,3.9,0,49355.17,5981.59,31.91,6,48.061595773839194
Chau Cafe,Vancouver,49.2385534,-123.0652551,4.4,1,33442.42,7554.04,32.82,1,95.1461266761492
Matcha Corner,Vancouver,49.25241038000087,-123.08104379663044,3.7,0,42570.0,7399.28,35.88,1,33.151408616184604
Yaletown Gelato,Vancouver,49.27492,-123.12321,4.1,1,51157.69,20357.6,46.5,31,50.385098080986516
The Lion's Den Cafe,Vancouver,49.257273,-123.089984,3.8,0,46181.63,8943.99,42.35,6,32.54598066853203
Feast & Fallow,Vancouver,49.233715,-123.112521,4.2,1,38220.0,4023.73,33.76,1,91.43728263708657
Railtown Cafe,Vancouver,49.2850022,-123.0955516,4.1,1,34113.04,7189.79,35.21,5,245.26408221095272
AM Cafe,Vancouver,49.26214,-123.09476,4.6,1,48030.0,8213.59,47.28,9,65.51846489414568
Deville Coffee,Vancouver,49.2853546768392,-123.11246584304324,3.9,0,47370.37,12348.73,51.35,43,39.31694022382584
Foglifter Coffee Roasters,Vancouver,49.2531365,-123.1007951,3.8,0,50306.98,7714.65,38.11,7,10.221013384466822
Cloud & Shine Cafe,Vancouver,49.2637371,-123.1574019,4.8,1,52243.14,9610.01,41.14,2,17.00939102244014
Amberdo Cafe,Vancouver,49.26815163219932,-123.16559608218212,4.4,1,53417.95,9207.72,41.37,2,53.716867308273685
Aidan’s Coffee And Food,Vancouver,49.26384116132019,-123.1222828,4.0,1,55740.0,10668.37,39.17,20,45.457285797265854
Comma Cafe,Vancouver,49.256915,-123.126921,4.4,1,53627.03,8256.2,41.1,2,29.727139946035
Stega Eatery,Vancouver,49.28369,-123.10914,4.5,1,44600.0,11001.1,50.4,50,32.79920398766056
Aidan's,Vancouver,49.28776,-123.11833,4.1,1,46348.39,14620.07,48.49,39,105.33422066830254
Sula Cafe,Vancouver,49.26617077297887,-123.0992835,4.4,1,51780.77,8691.27,50.46,8,117.13562350905393
Japanese Bistro Kamome,Vancouver,49.2371553,-123.0327306,3.9,0,35156.52,9446.47,36.7,6,72.75608866226437
Aphrodite's Organic  Pie Shop,Vancouver,49.2684732,-123.1834864,3.3,0,49950.0,5598.9,35.79,0,102.75872567118338
The Garden Strathcona,Vancouver,49.28076,-123.08563,4.7,1,33600.0,4230.74,31.81,3,51.893595904604524
CHAU Veggie Express,Vancouver,49.2726237,-123.1356235,4.2,1,53797.62,13319.17,41.38,12,366.86505866204004
Off the Tracks Espresso Bar and Bistro,Vancouver,49.2704079,-123.1340809,3.7,0,53758.97,12660.0,40.12,11,307.3134237483426
Creme de la Crumb Bakeshop & Catering,Vancouver,49.2738565,-123.0775108,3.3,0,43614.81,5094.65,36.22,1,10.75885635244102
The Narcissus,Vancouver,49.28423,-123.06998,4.3,1,42876.19,4827.1,42.81,1,39.7397354793259
La La Island,Vancouver,49.26435443750349,-123.171443449561,4.6,1,49588.24,6490.37,36.63,1,24.43486543106615
Sciué Italian Bakery Caffé,Vancouver,49.28691,-123.1224397,3.1,0,45223.53,17323.34,47.68,41,76.04142578623117
49th Parallel Coffee,Vancouver,49.2591330651218,-123.10088478104,4.1,1,51388.1,8164.82,45.11,14,39.76258334234562
Elaichi Chai,Vancouver,49.22763434326447,-123.0909828,4.6,1,35680.0,6708.27,32.1,1,28.089251918802386
Provisions Kitsilano,Vancouver,49.268062,-123.157371,4.0,1,53936.96,10192.59,41.99,4,112.37351810699106
Gigi Blin,Vancouver,49.20844,-123.13811,4.4,1,36592.59,4908.38,31.45,4,53.431371918469
Amberdo Cafe,Vancouver,49.28265,-123.13193,4.8,1,45922.62,24828.72,48.29,12,138.92674442710987
Cafe Marie,Vancouver,49.282039,-123.113726,4.6,1,48450.0,13929.61,50.19,63,111.26585894403473
Flamingo Cafe,Vancouver,49.279491,-123.123094,4.9,1,48877.14,23249.57,48.36,55,100.95083316960367
Wicked Cafe & Bakery,Vancouver,49.258148357899415,-123.18436469882728,4.3,1,43896.3,5032.93,28.52,0,11.902638192190581
Giovane Caffè,Vancouver,49.28072628962966,-123.1156954,3.8,0,48682.98,17257.65,50.06,54,26.241034303229675
D'oro Gelato e Caffè,Vancouver,49.2861418,-123.1274473,4.1,1,45221.92,22052.17,47.42,27,10.066012029071256
East Cafe,Vancouver,49.2812767,-123.0563278,4.3,1,41557.89,6837.83,35.47,5,15.58717448917998
Prospect Point,Vancouver,49.3128081868922,-123.142869863626,3.5,0,,,,0,1493.935818677331
Guffo Cafe,Vancouver,49.27807236813407,-123.1144042533513,4.3,1,50953.33,20066.65,50.62,44,32.815633173729836
My Island Café,Vancouver,49.27031,-123.13626,4.7,1,54410.0,11796.38,40.91,11,159.32403803932027
Commercial Street Cafe,Vancouver,49.2526261,-123.0681265,3.5,0,39945.45,6613.93,36.01,0,133.8640046828172
Finch's Market,Vancouver,49.2785699636665,-123.093410391164,4.0,1,35550.0,6360.24,34.6,10,212.1796460069918
Harvest Community Foods,Vancouver,49.277781,-123.0980624,3.6,0,38103.45,9891.2,41.78,13,88.93634845230285
TV Dinner Market & Café,Vancouver,49.2687123,-123.1451282,4.8,1,54454.55,9208.11,41.8,16,51.87962774754754
Holts Café - Vancouver,Vancouver,49.2839108,-123.1165955,3.6,0,47888.89,16170.81,50.47,61,77.90309723903366
Tastes On Tenth,Vancouver,49.2618164,-123.1180584,4.0,1,56305.71,8401.11,38.16,27,171.66454155340492
Élysées,Vancouver,49.22885,-123.116879,4.1,1,36266.67,4063.42,32.58,0,67.59861097636858
Ciclo Espresso & Cocteles,Vancouver,49.2809421846657,-123.11498706471671,4.5,1,49002.13,15022.03,50.04,56,36.630322369658266
Faubourg,Vancouver,49.2830902204043,-123.121585475241,3.4,0,46814.06,20110.23,51.28,51,68.87210267199418
TurF,Vancouver,49.2682200041763,-123.151621297002,3.8,0,55439.58,9783.32,41.05,12,49.468694480831275
Loafe Cafe,Vancouver,49.2660042,-123.2492292,3.7,0,34940.0,3031.61,39.31,2,82.69973399832145
Trees Organic Coffee,Vancouver,49.2848880197924,-123.114343569975,3.6,0,47606.06,13979.53,51.02,54,21.820724564554972
Broyé Cafe & Bakery,Vancouver,49.22632,-123.09036,4.0,1,35315.15,6713.46,32.08,1,64.93961432875903
Oidé Coffee,Vancouver,49.2695665,-123.14023192883664,4.2,1,55384.62,9140.79,38.38,15,14.487836148071317
Railtown Cafe,Vancouver,49.2800358888925,-123.123520255129,3.0,0,48736.11,23425.71,48.51,48,77.13915093954412
Forecast Coffee,Vancouver,49.25859804273446,-123.10083769261838,3.4,0,51260.0,8086.88,44.44,10,23.21600808381041
Railtown Cafe,Vancouver,49.2852667967034,-123.114296054582,3.6,0,48234.48,13074.38,51.66,53,7.774923575455888
The Paper Crane,Vancouver,49.2626112,-123.0922038,4.0,1,46592.11,7801.87,46.88,7,32.36984929588161
Market Veranda,Vancouver,49.28939289664475,-123.13270285767328,4.0,1,45532.31,22492.52,43.62,25,35.35048506282626
Hiel Cafe,Burnaby,49.2190187,-122.92795,4.3,1,38866.67,5978.42,25.91,6,34.729896975814555
S2 Cafe House,Vancouver,49.2807503,-123.0853195,3.8,0,33600.0,4230.74,31.81,3,45.29023209249803
Olivier’s Cafe,Vancouver,49.282016354956944,-123.12312188381296,3.8,0,47196.05,21375.74,49.52,40,75.40683995037354
Eden Cafe,Vancouver,49.2812949,-123.0904826,4.3,1,33991.3,5184.18,32.54,6,42.67093656643834
Oriole Cafe,Vancouver,49.2040408407995,-123.13420927686,4.4,1,36622.22,6087.65,34.47,2,124.5728270740184
Matchstick Café,Vancouver,49.28318,-123.13494,3.7,0,45354.43,25183.99,47.22,7,23.381782790411073
Great Dane Coffee,Vancouver,49.2700488028238,-123.250755445288,4.2,1,31440.0,2199.77,41.7,2,255.30204676892214
The Corner Store Cafe,Vancouver,49.26953,-123.13896,4.0,1,56047.06,9298.15,37.43,13,43.64553234164255
Faubourg,Vancouver,49.2344771,-123.1574179,3.5,0,41700.0,4110.37,24.06,6,52.44115269111073
Agora Cafe,Vancouver,49.28573972263773,-123.12224768834332,4.2,1,45842.11,18080.44,49.22,43,80.69147291251024
Il Mondo Caffe,Vancouver,49.26798192279789,-123.0693353,3.9,0,44457.89,7084.76,37.66,3,15.674579501822475
Faubourg,Vancouver,49.27454566704508,-123.12247809022664,3.4,0,51596.0,20764.12,47.01,28,27.136859285085826
Sooyo Cafe,Vancouver,49.2755254,-123.03652636706828,4.4,1,35933.33,5437.25,29.03,0,204.95726274923697
Be Fresh Local Market,Vancouver,49.2706288656713,-123.1479684636,3.5,0,55017.5,8686.78,41.17,12,198.68560831741866
Toña Bakery & Café,Vancouver,49.24785726737812,-123.18550822883616,4.8,1,43373.91,3704.35,23.11,1,14.386055710580084
Cafe Ami,Vancouver,49.260803,-123.123994,3.6,0,53817.95,9712.11,40.89,14,36.22437805609541
Tru Cafe,Vancouver,49.26950704325791,-123.13869,3.8,0,55942.86,9414.64,38.07,14,23.905317540436965
El Cafecito,Vancouver,49.271632,-123.134929,4.0,1,53341.46,13198.94,40.87,12,328.3526235833641
KITS Eyecare,Vancouver,49.27241,-123.15464,3.7,0,54574.29,9397.58,43.15,1,13.72772526413229
Taf's Café,Vancouver,49.2810768,-123.1202897,2.4,0,47913.24,19614.69,50.19,52,108.51125999526452
Wick's Café,Vancouver,49.20407,-123.13521,4.0,1,36622.22,6087.65,34.47,2,64.85948001492835
Waves Coffee House,Vancouver,49.263615784527,-123.128756644037,3.3,0,54489.74,10911.86,40.42,9,45.226757809485854
AT Cafe,Vancouver,49.20790022032179,-123.14030170440672,4.9,1,36472.73,5716.9,31.13,3,37.791502168865215
Yar Cafe,Vancouver,49.26333512440653,-123.129898,4.6,1,54507.5,10940.23,40.47,8,44.637254922700535
B&K Bakery & Cafe,Vancouver,49.263643,-123.118152,0.0,0,56961.76,8145.91,37.5,25,31.711189505902592
Cathy's Cafe,Vancouver,49.235056444677504,-123.1615736517406,4.5,1,41784.62,4434.81,24.53,4,69.20957223359534
Aperture Coffee Bar,Vancouver,49.248561,-123.1008891,3.3,0,49073.53,6282.15,33.3,6,24.523186517350737
Butter Baked Goods & Cafe,Vancouver,49.24213957138887,-123.1704097,3.4,0,41824.0,3566.22,23.26,0,13.246413467953955
Cafe Eggstatic,Vancouver,49.242612,-123.059285,4.7,1,33828.57,7227.76,34.05,1,15.572243159662765
Homeslice Cafe & Bakery,Vancouver,49.23799,-123.155624,4.5,1,41391.3,4465.37,24.44,4,6.863484624612759
Day Plus Cafe & Bistro,Vancouver,49.2908403,-123.13416895950718,4.7,1,45147.54,24598.78,44.21,23,77.812433584026
Velo Star Cafe,Vancouver,49.2571627,-123.1202562,3.5,0,55428.57,8809.67,39.43,8,18.26291203589063
Ciclo Espresso- Coal Harbour,Vancouver,49.287774688966984,-123.117245,4.7,1,46180.65,12293.88,48.33,40,119.22358741125244
Doughgirls,Vancouver,49.254644,-123.235875,4.2,1,36646.15,4896.14,36.35,0,52.423547401943374
Swiss Coffee Cup Cafe,Vancouver,49.2853124,-123.1120535,4.5,1,46940.74,11889.84,50.93,43,31.903134303783734
Jack’s Spot,Vancouver,49.230027988596106,-123.0257748648885,4.1,1,36412.12,7252.33,36.54,4,256.7769008051076
The Little Coffee House,Vancouver,49.20993,-123.10956,5.0,1,35000.0,4213.65,40.21,1,253.02657532646424
Garden Cafe at VanDusen Garden,Vancouver,49.2383826,-123.1281484,3.1,0,41246.15,2852.86,29.98,0,55.98331628563189
Laughing Bean Coffee Company,Vancouver,49.281419607212,-123.049625348003,3.5,0,40680.0,6474.1,34.5,4,77.67654953730992
Yuki Cafe Sushi & More,Vancouver,49.232021,-123.026155,4.8,1,35935.14,7452.38,36.55,5,103.9834793082362
Crossroads Cafe,Vancouver,49.28288,-123.12191,4.5,1,46825.76,20316.14,50.94,51,81.01823623100877
Second Cup,Vancouver,49.2450981314324,-123.12436663912466,3.0,0,49125.0,3076.33,32.8,0,228.0777277203267
Unscripted Coffee,Vancouver,49.285041,-123.114865,5.0,1,48200.0,15002.48,51.01,54,37.01134237204388
Angus T Bakery,Vancouver,49.20539421938929,-123.03085358154756,4.2,1,45400.0,4401.3,37.09,0,52.792051982013376
La Cuisson Cafe,Vancouver,49.2344325,-123.1535583,3.4,0,42052.17,4471.03,24.88,4,51.00560625595176
The Bee’s Knees,Vancouver,49.2880706676331,-123.12142680015012,4.0,1,45627.91,16204.37,48.04,38,138.73389042987793
Art Bite Cafe,Vancouver,49.28996,-123.12805,5.0,1,44981.82,23221.63,44.56,22,32.655675152010495
Aquarium Cafe,Vancouver,49.3012428,-123.1294403,3.9,0,47600.0,281.8,35.75,0,322.83294122471887
Cafe Episode,Vancouver,49.25860001208422,-123.04467625916004,4.1,1,33792.0,4920.7,30.51,1,46.466731476953825
Roundel Cafe,Vancouver,49.28129402513607,-123.055357,3.5,0,42000.0,6562.69,35.54,5,43.014309093927125
Octave Cafe,Vancouver,49.2743472,-123.1262105,4.0,1,51226.92,22515.29,45.33,22,114.33669111246967
Milk & Sugar BBQ Bar,Vancouver,49.2382463072985,-123.032146990299,3.2,0,35293.62,9271.87,36.62,3,26.08546856467537
Liquids And Solids,Vancouver,49.28135,-123.08461,3.6,0,33389.47,3939.03,31.09,4,51.17243182599908
Pampanga's Best Cafeteria,Vancouver,49.2468726732466,-123.090463243425,3.4,0,44475.68,6695.8,31.14,4,64.12038380589128
Deville Coffee,Vancouver,49.2853396,-123.1242487,3.4,0,45381.82,19308.48,49.28,33,159.96214250327267
Cafe Ami,Vancouver,49.2836799,-123.11965,4.0,1,47072.22,19142.01,51.6,59,83.03229034739076
Just Another,Vancouver,49.26664,-123.10773,4.0,1,54769.57,11491.92,46.73,3,302.8012441197847
Grandmama's Cafe,Vancouver,49.23504,-123.16162,3.1,0,41784.62,4434.81,24.53,4,70.14874978508934
Bistro Olé,Vancouver,49.28835,-123.12217,5.0,1,45109.09,16333.9,47.8,34,113.08704699927758
Honey Cafe,Vancouver,49.256019758392426,-123.08784984856638,4.0,1,45193.48,8489.45,41.03,6,87.48616498308917
Mon Paris Patisserie,Vancouver,49.269995,-123.106861,3.3,0,54819.05,12325.18,47.4,3,70.23411411839693
Sprouts,Vancouver,49.267585874444904,-123.25039128042668,4.4,1,30371.43,2411.22,43.21,2,135.6414749070408
River Road Cafe,Richmond,49.1967308,-123.0942652,3.8,0,37600.0,918.67,37.81,1,407.2683664676199
JJ Bean Coffee Roasters,Vancouver,49.2463493555895,-123.089983463287,3.7,0,44281.08,6628.97,30.97,4,24.06854959778968
Little Umbrella,Vancouver,49.263556,-123.205023,5.0,1,45952.94,3693.39,27.52,1,43.10672108376241
Prado Cafe,Vancouver,49.24616,-123.185233,4.0,1,43872.73,3582.16,22.63,1,26.77947595822626
Metro Coffee Bar & Billiards,Vancouver,49.2353253,-123.0381433,4.1,1,34881.82,9062.69,34.39,5,11.806252533237908
Mink Chocolates Factory and Cafe,Vancouver,49.2071160461357,-123.106154166162,4.0,1,34025.0,3455.07,44.02,1,531.234844213267
VT's Cafe,Vancouver,49.262352,-123.09712,4.0,1,49382.5,7098.41,47.1,15,69.45930567510054
Timber Bistro and Books,Vancouver,49.26114,-123.04893,4.2,1,34992.59,4798.84,31.57,1,87.87426290380544
Nok Nok Cafe,Vancouver,49.280960519788586,-123.0525317,4.6,1,41018.18,6463.83,34.48,4,91.30043471870336
PAUL Le Cafe,Vancouver,49.28169759028251,-123.1176061,3.5,0,48118.18,17832.76,49.67,62,24.87575911089829
Yasser’s Cafe,Burnaby,49.249928600037144,-123.01896657748732,4.7,1,37600.0,3123.19,28.27,1,55.92158149892166
Cafe & Life Co,Richmond,49.16367265363718,-123.13465985287418,4.3,1,32012.12,12091.87,29.0,20,15.761511650391682
Ki Cafe,Burnaby,49.2208272,-122.9884543,3.9,0,34466.67,6205.02,40.29,10,79.7557636888559
Sciué Italian Bakery Caffé,Vancouver,49.28378,-123.1195,2.8,0,46730.77,18670.74,51.33,60,89.00435727825354
Waves Coffee House,Vancouver,49.28061734280294,-123.12252486101922,2.8,0,48447.22,23940.8,48.4,47,164.04907839927617
Cilantro Cafe,Vancouver,49.28116,-123.12157,5.0,1,47710.0,21279.7,49.29,48,78.37979393584168
Blaze Cafe,Vancouver,49.26086,-123.11629,0.0,0,55462.86,8096.84,38.4,24,65.93216321964988
CHOCHO Hot Pot,Burnaby,49.2313,-123.00683,4.5,1,34339.39,8301.13,37.72,28,58.413877004917204
John 3:16 Malaysian Delights,Burnaby,49.22494698851795,-122.9900406,4.5,1,33391.67,7172.09,40.64,16,51.856580734801156
Saku,Burnaby,49.26543,-123.005428,4.5,1,43350.0,6948.55,48.74,23,164.0637985831454
Atlas Steak + Fish,Burnaby,49.256747,-123.006931,4.0,1,38457.14,1059.86,24.93,5,325.48711452036963
White Lotus Cafe,Burnaby,49.2656111504516,-122.97883607144,4.5,1,39566.67,3498.82,28.95,3,151.5538498826411
The Meat Up,Burnaby,49.2254546362785,-122.98992646931154,4.1,1,32742.86,7153.16,41.13,15,27.306429523704438
Wild Thyme,New Westminster,49.2092291,-122.932308,4.4,1,40412.5,6519.26,30.84,12,7.210249857936038
Safari Snack House And Grill,Burnaby,49.239118670642895,-122.96287338465577,3.9,0,44600.0,2071.61,28.33,3,81.58289124261282
22's Grill,Burnaby,49.2430980643898,-122.969388433881,4.4,1,37160.0,1767.4,25.5,2,121.50760738706909
Haidilao Hotpot Brentwood,Burnaby,49.267417,-123.00189,4.6,1,41685.71,6598.09,46.03,20,82.71339286511865
Takara Sushi,Burnaby,49.2545851,-123.0220016,4.4,1,38320.0,2574.45,28.44,7,41.123497840677615
Wild Flour Pizza,Burnaby,49.2584540319258,-122.955439905848,4.7,1,41927.27,2754.06,23.84,0,18.428566855393118
Shanghai Dimsum House,Burnaby,49.2294464,-123.0044077,4.0,1,33788.89,11655.46,39.43,31,84.53596543318454
Gokudo Shabu Shabu,Burnaby,49.230168460812294,-123.0038528105504,4.4,1,33788.89,11655.46,39.43,30,124.93109401135504
Green & Oak Malaysian Restaurant,Burnaby,49.28081,-123.02185,3.9,0,41555.56,4704.76,27.91,11,45.81374543729924
Korea Noodle House,Burnaby,49.229066,-123.004751,4.2,1,34248.65,8985.11,39.16,31,80.97559136044138
STEM Japanese Eatery,Burnaby,49.21497276456137,-122.98816101534425,4.2,1,36630.0,4651.66,35.77,5,26.203189289248975
Siam Le Bien,Burnaby,49.2813,-123.01068,4.3,1,40544.0,5347.52,26.59,19,104.92701602967324
Singapore Hawker,Burnaby,49.218768,-122.96447913871704,4.1,1,36728.0,7219.07,32.88,8,58.09646082189814
Burnaby Mountain Clubhouse,Burnaby,49.265138,-122.943048,4.1,1,40654.55,2766.8,23.87,0,437.9658066973759
Birdies,Burnaby,49.2655537242762,-123.01959240000002,4.0,1,35860.0,4277.68,40.35,3,173.61685169445312
Jovo the Butcher,Burnaby,49.22185,-122.94565,5.0,1,35620.69,6699.1,32.51,16,15.603469532510848
Masita Korean Cuisine,Burnaby,49.218978345984,-122.969008660356,3.9,0,37009.09,5862.87,33.77,5,48.83162182960846
Grand Chinese Restaurant,Burnaby,49.266893,-123.004262,4.0,1,42618.18,6874.09,46.95,22,96.06644588915792
OEB Breakfast,Burnaby,49.267442,-123.002595,4.1,1,41685.71,6598.09,46.03,20,37.45148749364946
Kokoro Tokyo Mazesoba,Burnaby,49.228287011321385,-123.00315331667662,4.0,1,33705.26,10982.18,39.28,29,63.18454567877673
Little Minh's,Burnaby,49.1990675,-122.9799962,4.3,1,42400.0,151.96,24.57,3,102.49342945815353
Riverway Clubhouse Restaurant,Burnaby,49.200617,-122.990237,3.5,0,41466.67,231.87,24.54,1,666.8768350188325
Sooda Korean BBQ,Burnaby,49.2680924,-123.0003773,4.1,1,41692.31,6649.43,46.58,20,188.29919185898305
The Dolar Shop - Station Square,Burnaby,49.2277884925998,-123.00316795158996,4.3,1,33473.68,10719.99,39.53,27,77.98842141883762
The Viet Noodle Guy,Burnaby,49.26721987665755,-123.00572763320037,4.1,1,42440.0,6719.06,47.4,23,175.13172001620177
Living Room Lounge,Burnaby,49.2551,-123.02032,4.5,1,38485.71,2455.2,28.49,7,94.10522432141843
Chao Shou Wang,Burnaby,49.2290734,-123.0048795,4.1,1,34248.65,8985.11,39.16,31,71.70231884363928
Cactus Club Cafe,Burnaby,49.22775581945971,-123.00329214418927,3.9,0,33473.68,10719.99,39.53,27,73.5643124413995
Horin Ramen,Burnaby,49.22901506843291,-123.00505047055158,4.5,1,34311.11,9118.39,39.18,30,59.18017182690141
Portobello Restaurant,Burnaby,49.280764,-123.013394,4.6,1,40571.43,5372.39,27.75,21,21.351661702704902
Trattoria by Italian Kitchen,Burnaby,49.23020501851105,-123.0039327,3.2,0,33788.89,11655.46,39.43,30,121.88640533800285
Burnt Orange,Burnaby,49.280836,-123.007658,4.5,1,39046.15,5128.25,26.86,17,37.320244952539966
JOEY Burnaby,Burnaby,49.2669122,-123.0066466,3.7,0,42440.0,6719.06,47.4,23,124.43377109770319
The Keg Steakhouse + Bar,Burnaby,49.2596278,-123.0019108,3.9,0,39933.33,2722.52,51.12,3,242.1350011051444
Claudio's,Burnaby,49.265511702879046,-123.00492429325408,3.8,0,43350.0,6948.55,48.74,23,127.01096010475398
Sushi Taku,Vancouver,49.23982721439047,-123.03001648836062,4.3,1,35595.35,9237.17,37.09,3,33.27994742620727
Chen,Burnaby,49.28086095595619,-123.0091730738817,4.1,1,39917.24,5180.7,26.93,20,30.217364830944643
Chad Thai,Burnaby,49.2809351,-123.0160318,4.1,1,41379.31,5298.89,27.68,21,19.227414688731916
Blue Coast,Vancouver,49.23466,-123.0246,4.5,1,36373.68,7374.77,36.52,2,29.45548026621762
SOCRATES in the Heights,Burnaby,49.2811430405355,-122.998363226652,4.5,1,38950.0,4311.55,27.52,10,104.8685680567561
La Forêt - Royal Oak,Burnaby,49.2203,-122.98637,4.3,1,34513.04,5981.72,39.49,8,133.94889141333147
NamPo,Burnaby,49.22620549734934,-122.9917955,4.4,1,32180.95,9216.81,41.76,14,20.862207921265014
Chettinad Dosa Palace,Burnaby,49.23933,-122.96364,3.2,0,44600.0,2071.61,28.33,3,24.168986470276828
Kokoro Tokyo Mazesoba,Burnaby,49.26695219266848,-123.00631798803806,4.3,1,42440.0,6719.06,47.4,23,147.22052006129732
Big Way Hot Pot,Burnaby,49.2310987,-123.0083309711633,4.0,1,34411.11,8326.47,37.23,23,38.16132017237322
Cockney Kings Fish & Chips,Burnaby,49.28005299920758,-122.96652586933914,4.0,1,35500.0,3352.88,29.86,2,98.50507905061609
Tenen,Burnaby,49.21549,-122.98895,4.2,1,36470.0,4799.3,36.08,5,55.39353496467237
Tendon Kohaku,Burnaby,49.2278910406839,-123.00348046083376,3.7,0,33621.62,11244.19,39.71,28,53.28932910126633
B&D Authentic Viet Cuisine,Burnaby,49.21818434432872,-122.9578841,3.8,0,36696.3,9483.63,34.69,6,39.2927189817689
Sushi Bar Kilala,Burnaby,49.2811517065771,-122.995635763696,4.3,1,39286.96,4257.38,27.79,7,20.62392417131986
Green Leaf Cafe,Burnaby,49.2533051,-122.8982928,4.1,1,39388.89,5947.49,36.07,11,10.107785601600993
Argo Greek Cuisine Pizza Pasta,Burnaby,49.2544359,-123.02071005595984,4.2,1,38320.0,2574.45,28.44,7,70.26031146107509
The One Restaurant,Burnaby,49.2211721,-122.9774371,3.4,0,36294.74,5076.48,33.98,4,135.77589051718357
Chào Mámi,Burnaby,49.2808832078838,-123.014717570458,4.0,1,41385.71,5259.68,27.72,20,37.2978679904511
MYST Asian Fusion,Burnaby,49.21936313246308,-122.9706842,3.6,0,36843.48,5392.62,33.61,5,66.04681030078137
El Inka Latin Deli,Burnaby,49.24941,-123.01912,4.4,1,37523.81,3196.32,28.43,1,73.93760166366076
Marble House Eatery,Burnaby,49.2294464,-123.0044077,3.8,0,33788.89,11655.46,39.43,31,84.53596543318454
Earls Kitchen + Bar,Burnaby,49.2279486,-123.0027748,3.9,0,33473.68,10719.99,39.53,27,95.04734729991688
Hart House Restaurant,Burnaby,49.23804,-122.96671,3.6,0,43120.0,1371.52,27.41,3,201.1590523549599
Anatolia's Gate Restaurant,Burnaby,49.2183151,-122.9579254,3.8,0,36696.3,9483.63,34.69,6,24.522354696911258
Agra Tandoori Restaurant,Burnaby,49.25443,-123.02066,3.9,0,38320.0,2574.45,28.44,7,73.67580303984616
Golden Pita Lebanese Restaurant,Burnaby,49.2531819933441,-122.897602039217,4.2,1,39330.0,6122.74,36.79,11,55.44299163381336
Saffron Indian Cuisine,Burnaby,49.2311623,-123.0085405,3.8,0,34411.11,8326.47,37.23,22,40.095965213740776
Gaon  Korean Cuisine,Burnaby,49.223246,-122.982823,4.1,1,35010.0,5508.89,39.07,11,48.681159544549885
Bow & Stern,Burnaby,49.2681023,-123.0000943,3.7,0,40866.67,6686.64,45.36,20,195.86641049604037
Adam's Crepes,Burnaby,49.2149649,-122.9880349,4.6,1,36630.0,4651.66,35.77,5,33.07828218617082
Mongo Bongo,New Westminster,49.2135179,-122.9193884,3.9,0,42781.25,6773.7,28.82,37,31.935530902596696
Kimbap Cheonguk,Coquitlam,49.2446982,-122.8918313,4.4,1,37828.57,4496.36,36.55,28,59.7410003891559
Fraser Park Restaurant,Burnaby,49.1941802,-122.9979206,4.2,1,46000.0,97.3,26.15,0,223.78084948510548
Viva Sue Pizza,Burnaby,49.2391579,-122.9625575,4.2,1,44600.0,2071.61,28.33,3,99.88935655239521
Aroma Eatery,Burnaby,49.228417734136464,-123.00491628393937,4.4,1,34248.65,8985.11,39.16,32,68.97533659143839
The Hungry Tiger,Burnaby,49.26692129016968,-123.00645179117195,4.5,1,42440.0,6719.06,47.4,23,137.07119221166298
Shanghai Fortune Cuisine,Burnaby,49.22954179328731,-123.0046759319506,3.9,0,33954.29,12329.57,39.62,31,75.49461618849132
Balkan House,Burnaby,49.22219,-122.94393,3.4,0,35641.38,6502.64,32.3,11,53.821362693542596
Chicko Chicken Korean Style,Burnaby,49.2191861,-122.9505083,4.1,1,35827.59,8974.74,34.08,9,10.241075923138899
L'Artista,Burnaby,49.281231129459975,-123.0188885,4.0,1,41911.11,4951.6,27.37,16,17.0807312911245
The Bao Place,Burnaby,49.21942124951652,-122.9500496,4.3,1,35827.59,8974.74,34.08,10,23.435778095054633
Butchers Block BBQ,Burnaby,49.28129,-123.01453,3.8,0,41385.71,5259.68,27.72,20,68.4656790233383
Cazba Persian Grill,Burnaby,49.2681624665858,-123.00058007240295,3.3,0,41692.31,6649.43,46.58,20,180.27508414456565
Sushi U,Burnaby,49.2654624429451,-122.978147623681,4.5,1,39566.67,3498.82,28.95,3,105.42015742716022
Olove Greek Kitchen,Burnaby,49.2804849,-122.9779067,4.0,1,38189.47,1934.91,28.67,2,133.96709030175688
La Forêt,Burnaby,49.2212819390063,-122.995836958493,3.7,0,33271.43,8714.52,42.14,1,188.95211046517792
Cayenne Bistro & Grill,Burnaby,49.2213856,-122.9309353,4.8,1,38816.0,5363.64,26.69,7,23.449188942580275
Tap & Barrel - Brentwood,Burnaby,49.26741280132382,-123.00188253558166,4.2,1,41685.71,6598.09,46.03,20,83.38683332821836
Afghan Turkish Cuisine,Burnaby,49.2807738,-123.0028986,4.0,1,38016.67,4816.52,27.28,11,43.035282672976436
Pearl Hot Pot,Burnaby,49.2188387,-122.964481,3.3,0,36730.77,6991.83,32.62,8,61.37495804899288
Big Way Hot Pot,Burnaby,49.23150769999999,-123.0094545,3.6,0,34411.43,7981.39,37.47,22,18.542283816402364
Nén,Burnaby,49.224096740087546,-122.9416219,4.2,1,36333.33,5633.45,31.64,11,24.83212547585518
Taku Japanese Kitchen,Burnaby,49.21462,-122.98827,4.7,1,36630.0,4651.66,35.77,5,36.20218975749076
Hello Nori,Burnaby,49.26780681630291,-123.00235434393312,4.1,1,41685.71,6598.09,46.03,20,45.602421025928436
Kozak Ukranian Eatery,New Westminster,49.2114757572234,-122.918422905028,4.4,1,43474.29,7168.23,30.17,37,4.263127399654022
Barcelos Flame Grilled Chicken,Burnaby,49.19813330438935,-122.97878590283268,3.8,0,42400.0,151.96,24.57,2,107.36670258915599
Maruhachi Ra-men,Burnaby,49.2244919,-122.9878563,4.0,1,33854.55,6927.73,41.32,16,45.96108973774798
Patsara Thai Restaurant,New Westminster,49.204305,-122.908055,4.0,1,45314.29,9737.79,43.54,31,67.5763603966249
Indian Wok,Burnaby,49.2248408,-122.9884673,4.2,1,33826.09,6302.41,39.94,15,15.330352062064133
Sushi Garden Japanese Restaurant,Burnaby,49.2291877,-123.0013312,3.4,0,33700.0,11750.85,40.42,27,66.51905183047045
Gyubee Japanese Grill,Richmond,49.1712466,-123.1351984,4.3,1,29482.35,7175.94,36.75,40,156.18427664862682
Hooray Cafe & Coffee Lab,Burnaby,49.24362,-122.969446,5.0,1,37160.0,1767.4,25.5,2,179.67660556729916
Kimshaker,Burnaby,49.2332,-123.013747,4.5,1,35715.15,7085.54,36.3,6,97.68072866858914
#CHIBOP,Burnaby,49.2677387,-123.0064866,4.5,1,41963.64,6709.49,46.76,23,196.9007794791919
Pinoy Cravings,Burnaby,49.21947050000001,-122.9499774,4.4,1,35827.59,8974.74,34.08,10,22.23797168882622
Chongqing,Burnaby,49.22671131459038,-122.99363543518692,3.4,0,32141.67,9633.84,42.42,14,31.32503834109909
Zaaki Cuisine,New Westminster,49.2131145,-122.9200483,4.6,1,42805.71,6858.32,28.93,37,35.224333949416874
El Comal,Burnaby,49.247876818077,-122.940112248954,3.9,0,42800.0,844.53,22.86,1,351.8964206451858
H&P Noodle House,Burnaby,49.281271,-123.015823,3.7,0,41357.14,5283.1,27.55,21,34.123567014124866
BIN 4 Burger Lounge,Burnaby,49.2641572,-123.022698,4.0,1,35620.0,4635.55,40.89,2,62.43334108167189
Simba’s Grill,Burnaby,49.2545127,-123.0231251,4.0,1,37911.11,2848.93,28.8,7,25.3621457535035
Pho Hong Vietnamese Restaurant,Burnaby,49.2213203,-122.9769818,2.9,0,36294.74,5076.48,33.98,4,110.31028575075307
No.1 Beef Noodle House,Burnaby,49.2425291,-123.004037333135,3.4,0,38830.77,2617.73,27.29,1,40.11108531161049
Porker Face,Burnaby,49.266783,-123.004713,4.4,1,42440.0,6719.06,47.4,22,130.68217287710726
Taverna Greka Restaurant,New Westminster,49.2049414,-122.9043168,4.1,1,45386.67,10691.55,47.19,15,53.540332482576936
Sushi Modo,Burnaby,49.225836,-122.937422,4.3,1,37336.36,5264.4,29.36,6,61.59187603503072
Manjal South Indian Kitchen,Burnaby,49.2232674,-122.9428279,4.4,1,36169.23,5831.63,32.12,12,22.6373349510798
Pizza Garden,Burnaby,49.2252262,-123.0037541,4.0,1,33366.67,11336.84,40.83,20,57.80952378039513
X-Site Grill & Bistro,Burnaby,49.2811349,-122.9993576,3.8,0,38533.33,4488.77,27.64,10,100.86306327871195
Galbi Korean BBQ Kingsway,Burnaby,49.23111096061143,-123.00824046134947,4.2,1,34411.11,8326.47,37.23,25,35.19776538423224
The Gray Olive Cafeteria,Burnaby,49.2807699,-123.01164,4.1,1,40544.0,5347.52,26.59,20,132.5511231088864
Amay’s House,Vancouver,49.23446,-123.036137,4.3,1,35038.1,9737.98,36.45,6,4.072036613046238
WhataFood Brazilian Street Food,New Westminster,49.2010175,-122.9131833,4.5,1,44968.42,13227.66,41.0,52,6.8001744146766505
Eggbomb+,Burnaby,49.249826470737425,-122.8948839,3.7,0,37657.14,7362.69,38.43,18,172.3751768616629
Cioffi's Meat Market & Deli,Burnaby,49.280911944717026,-123.012598,3.7,0,40444.44,5389.34,27.92,21,61.6814642492736
Just Waffles,Vancouver,49.28128196346295,-123.02744138985872,4.5,1,40990.48,3543.92,28.77,3,75.43440879827192
CM Chicken,Burnaby,49.22732659553047,-122.99451665152054,4.3,1,32644.44,9287.55,42.23,12,30.1107818267113
Neptune Palace Seafood Restaurant,Burnaby,49.266865847917686,-123.0015548426112,3.4,0,41692.31,6649.43,46.58,20,33.13434358342767
The Ramen Butcher,Burnaby,49.28095998860335,-123.002488217313,3.3,0,37913.04,4801.3,27.12,12,22.669933107870364
Cactus Club Cafe,Burnaby,49.26671212,-123.01085799,3.7,0,42150.0,6435.25,47.48,14,103.3283398411765
Toyo Sushi,Burnaby,49.2809392,-123.0168779,4.2,1,41386.67,5350.25,27.79,19,27.96654873520269
2025 Cafe,Burnaby,49.226765,-122.993594,4.3,1,32141.67,9633.84,42.42,14,38.00867538728596
Fung May,Burnaby,49.2288939318384,-123.004783375498,3.4,0,34248.65,8985.11,39.16,32,80.04942861832646
Anton's Pasta Bar,Burnaby,49.28072,-123.00984,3.5,0,39917.24,5180.7,26.93,17,61.890431926883295
La Forchetta,Burnaby,49.2804691698666,-122.982101999223,3.8,0,38880.0,2002.18,28.08,2,22.02923746701148
Sushi On,Burnaby,49.22336826591775,-122.9432077,4.2,1,36128.0,5858.94,32.25,11,35.1028410234469
Onggi Korean Cusine,Burnaby,49.24377273960674,-122.8933061286807,4.1,1,37920.0,4384.91,36.17,28,65.43782906968416
Happy Lamb Hot Pot,Burnaby,49.2280567,-122.9973696,3.4,0,32884.85,10455.46,42.51,15,58.78199355300561
Sushi Yoi,Burnaby,49.2678773,-123.0061449,3.3,0,41963.64,6709.49,46.76,22,203.9513672948788
Joy Sushi,Burnaby,49.2643086657704,-123.010636587766,3.9,0,44800.0,7341.65,48.95,11,218.85821564102002
Big Star Sandwich,Burnaby,49.2545219768061,-123.02208635956,4.1,1,38025.0,2657.67,28.48,7,50.131625718224726
Sopra Sotto Pizzeria,Burnaby,49.280939601557584,-123.0155725,3.9,0,41357.14,5269.64,27.98,21,14.694963996648925
Afghan Kabul Kebab Donair,Burnaby,49.2808,-123.01483,4.9,1,41385.71,5259.68,27.72,20,40.6972879737401
Sushi Garden,Burnaby,49.2191,-122.96725,3.4,0,36424.0,5902.92,33.02,6,33.56657660330494
Hanwoori Korean Restaurant,Burnaby,49.22153,-122.9806,3.4,0,35370.0,5452.68,37.24,5,78.17411544884017
Pokerrito,Burnaby,49.22800794065202,-123.00332564860584,4.4,1,33473.68,10719.99,39.53,28,55.370708254908855
Joyful Seafood Restaurant,Burnaby,49.2227211,-122.981444,3.7,0,35327.27,5390.37,38.64,6,81.27384155387965
Sushimoto,Burnaby,49.26404,-122.98135,3.8,0,39920.0,3569.42,30.46,4,49.99865841229722
John 3:16 Malaysian Delights,Richmond,49.1641317,-123.1362195,4.1,1,32036.36,11901.2,28.93,22,15.526027624298763
50's Burgers,Burnaby,49.22481,-122.94043,3.6,0,36036.36,5838.79,30.11,10,60.98780764611987
Kim's Korean Waffles and Pancakes,Burnaby,49.24391068955245,-122.89353297814628,4.6,1,37920.0,4384.91,36.17,28,68.50254688015328
New Mandarin Seafood Restaurant,Vancouver,49.2430789410403,-123.062085096174,4.1,1,34761.11,7531.35,33.7,2,59.61777506768253
Paramount BBQ,Vancouver,49.2356958673,-123.0388355,4.3,1,34754.55,8801.52,34.45,5,76.36214963417898
1003 Brunch & Dessert,Burnaby,49.22447173359129,-122.9899072,4.1,1,33391.67,7172.09,40.64,16,96.7283960153684
Crema Ice Cream,Burnaby,49.2806828,-123.0027499,4.6,1,38016.67,4816.52,27.28,11,50.01400425960704
Earls Kitchen + Bar,Burnaby,49.266914,-123.00164,3.7,0,41692.31,6649.43,46.58,20,34.03309412893801
Grand Neptune,Burnaby,49.25664639970632,-123.00692304419928,3.6,0,38457.14,1059.86,24.93,5,321.7638076702869
Jejudo,Burnaby,49.2439366,-122.8942123,3.5,0,37657.14,4514.42,36.63,28,111.1195672742824
Mumbaiyaa Street Foods,Burnaby,49.28087,-123.012439,4.7,1,40444.44,5389.34,27.92,21,73.62661658991756
Desi Turka Indian Cuisine,Burnaby,49.220269,-122.929508,3.9,0,39200.0,5620.64,25.92,7,15.050497167850285
Zhengxin Chicken,Burnaby,49.22568597280459,-122.99036927116394,4.4,1,32480.0,8436.71,41.54,14,56.267689514369046
Burnaby Palace Restaurant,Burnaby,49.25629080307701,-123.0231239309792,3.4,0,37235.29,2714.87,28.98,7,55.81462272145086
Arbab Kabab House,Burnaby,49.2225463822872,-122.948696562034,4.5,1,35266.67,7236.25,33.42,15,223.16352201359987
Fish With You,Burnaby,49.2290085,-123.0050498,4.5,1,34311.11,9118.39,39.18,30,59.2579236306637
Kinton Ramen,Burnaby,49.26516271205861,-123.01395302883246,4.6,1,41400.0,4779.44,42.85,5,32.9814887535957
Obanhmi,Burnaby,49.22666302506524,-122.992865704,4.4,1,32141.67,9633.84,42.42,14,73.05651299544418
K Chicken,Burnaby,49.2598,-122.98352,4.4,1,39880.0,3656.46,39.05,1,93.37824240586832
Green Leaf Sushi,Vancouver,49.231545,-123.030967,3.8,0,35481.08,9805.43,36.54,6,70.13128538894078
A Fang Little Basket Bao,Burnaby,49.2540264,-122.8939025,4.3,1,38136.84,7484.91,40.21,11,63.172329586261995
Motonobu Udon,Vancouver,49.2813968,-123.0280718,4.2,1,41263.16,3530.19,29.17,3,69.1878454650198
Pelicana Chicken,Burnaby,49.2526660046984,-122.898108288646,4.5,1,39388.89,5947.49,36.07,11,82.25960121500216
Suren,Burnaby,49.28077012720069,-122.9993509501219,4.0,1,38527.27,4560.72,28.08,10,107.66731873930956
Pho 68,Burnaby,49.21909455120672,-122.9501638028932,3.6,0,35864.29,9203.37,34.13,9,24.998766955523394
Cafe 106,Burnaby,49.2237644468902,-122.988622382664,4.3,1,33828.57,7022.97,41.54,17,106.68317373902099
Sizzle Pan Korean BBQ,Burnaby,49.22334,-122.9428956,4.5,1,36169.23,5831.63,32.12,12,31.635003349482883
My Greek Taverna,Coquitlam,49.23707629280225,-122.86929574290268,4.0,1,41563.64,3406.59,28.65,6,100.12327045098344
Sushi S Japanese Restaurant,Burnaby,49.2425418,-123.0036195,3.9,0,38830.77,2617.73,27.29,1,10.392623100421352
Bastion Coffee Kitchen,Burnaby,49.25150479712613,-122.96734118404277,4.7,1,31400.0,870.76,23.55,0,169.9806031525234
Five Loaves Two Fish,Burnaby,49.243660551091,-122.892771530688,5.0,1,37920.0,4384.91,36.17,28,25.716253559448628
Waves Coffee House,Burnaby,49.218691,-122.95177,3.9,0,36246.67,9055.89,34.04,10,102.02595812920137
Watashi Sushi & Kitchen,Burnaby,49.21917086397983,-122.9505995,4.4,1,35827.59,8974.74,34.08,9,10.826474495948048
Queen's Meat & Deli,New Westminster,49.2135565,-122.9106876,5.0,1,44837.04,7597.15,32.89,0,31.22705598551098
The Auntie Bakery & Deli,Burnaby,49.21454989740626,-122.9881238,4.5,1,36630.0,4651.66,35.77,5,38.743238659519776
Rens Cafe & Bistro,Burnaby,49.28118134,-123.0184021,4.1,1,41771.43,5336.8,27.68,16,27.135009484283444
KnChicken,Burnaby,49.2240572,-122.9412991,4.1,1,36191.3,5998.93,31.74,11,27.14840306778136
The Sobu Social,Burnaby,49.22476479128216,-123.00252165352516,4.3,1,33220.51,10507.41,40.44,12,47.89353811036215
Old Farmhouse Kitchen,Burnaby,49.1890394,-122.9801939,4.7,1,,,,0,39.78317200398705
Pho Den,Burnaby,49.21985466539446,-122.970256331213,3.9,0,36936.36,5314.99,33.49,5,86.89345573828749
A Kabul Shawarma Donair,Burnaby,49.219092,-122.95063,4.7,1,35827.59,8974.74,34.08,9,8.863528650696532
Cactus Club Cafe,Burnaby,49.2020089718037,-122.981729507446,3.7,0,41000.0,278.11,24.71,3,77.56256967994378
Cup & Bun Cafe,Burnaby,49.28131,-123.01927,4.5,1,41911.11,4951.6,27.37,16,18.62481291684717
L’Onore Pizza,New Westminster,49.21402,-122.89781,4.6,1,48044.44,5521.6,34.25,2,134.26409648357887
La Querida,Burnaby,49.22946626623539,-123.0052947,4.5,1,34365.71,9341.12,39.39,30,32.434141407437174
Kiss Yo Mama Jamaican Soul Food,Burnaby,49.2218051,-122.993553,4.5,1,33966.67,8820.06,42.9,9,337.8205278664437
Fior di Latte,Burnaby,49.2811681929463,-123.010165952146,4.4,1,40000.0,5264.38,26.68,19,66.01990921528358
Canffle,Vancouver,49.2322894,-123.0268249,4.2,1,35844.44,7305.27,36.32,5,63.406476836790155
Mr Beggar Grill,Burnaby,49.22673152328965,-122.9930263,4.8,1,32141.67,9633.84,42.42,14,65.28552148565507
Noon & Reyhoon,Burnaby,49.2805071,-122.9656995,5.0,1,35500.0,3352.88,29.86,2,28.50927459341737
Nadri,Burnaby,49.24422521917205,-122.89498981978466,4.1,1,37657.14,4514.42,36.63,28,161.09116223486808
DooBoo,Burnaby,49.2185949,-122.9607043,4.0,1,36792.86,8849.52,34.85,6,52.62690781942155
Ramies Greek Restaurant,Burnaby,49.231676,-123.0088067,3.4,0,34375.76,7908.93,37.98,22,52.52872005545192
Dumpling King,Vancouver,49.23125,-123.02943,4.4,1,35881.08,7398.3,36.45,5,118.05250275358078
Govinda's Dining,Burnaby,49.2062073,-122.9848175,4.6,1,36860.0,3827.5,28.38,0,37.35956212811371
The Spud Shack Fry,New Westminster,49.20095020309591,-122.91302027887068,4.0,1,44968.42,13227.66,41.0,52,14.05075523991516
Peaked Pies,Burnaby,49.28077,-123.01351,4.1,1,41089.66,5204.71,27.68,21,20.871528983995006
The Tannenbaum Restaurant,New Westminster,49.201090932901955,-122.9177160369112,4.0,1,43616.67,12330.37,40.15,37,123.16062884063106
Pho Mr Do,Burnaby,49.2808770975745,-123.0018146,4.4,1,38236.36,4731.51,26.71,11,2.7808679904157816
Old Xian's Food,Coquitlam,49.24940624116793,-122.89219435304402,4.6,1,37725.0,6448.87,38.82,16,104.94055841983601
The Old Bavaria Haus,New Westminster,49.208524,-122.914146,3.2,0,43675.68,9306.59,38.35,12,28.406884950763263
Take Sushi,Burnaby,49.2808697,-123.0019918,3.9,0,38266.67,4781.6,26.68,11,12.210694259551248
Vadapav Mirchi By Geeta,New Westminster,49.20864846389665,-122.94274322034968,4.5,1,41040.0,4918.31,30.5,0,236.91462277921508
May Rice Roll & Congee,Burnaby,49.28088365265892,-123.0018964,3.9,0,38121.74,4764.06,26.71,11,5.148123146482853
Bliss Cafe,Burnaby,49.23131,-123.00558,4.1,1,33929.41,10663.07,38.09,28,85.47484370407935
Gaya Korean Restaurant,Burnaby,49.2147215,-122.9873304,3.8,0,36880.0,4691.75,35.84,5,90.3723460118369
Mui Garden - Kingsway,Burnaby,49.2281613,-122.998205,3.8,0,33023.53,10761.8,41.64,25,31.32395656265571
Conte Food Importers,Burnaby,49.1930765013523,-122.971642618571,4.4,1,38800.0,679.8,22.38,0,47.97831302543675
Yummy Bao,Burnaby,49.2296962,-123.0043174,4.3,1,33788.89,11655.46,39.43,31,95.90126875646203
Taste of Splendour,Burnaby,49.25518,-123.0087,4.1,1,39800.0,1593.43,25.72,3,176.5122352864504
Park Crest Diner,Burnaby,49.26536,-122.97789,3.8,0,39566.67,3498.82,28.95,3,85.51298466768205
Boba Time Cafe,Burnaby,49.221257,-122.988502,3.9,0,34685.71,6430.9,39.75,11,127.6200433067859
Juillet Cafe,Burnaby,49.2448537809919,-122.89281354352,3.9,0,37828.57,4496.36,36.55,29,64.42812729494617
Ambit Cafe,Burnaby,49.2801451,-122.9681537,3.9,0,35630.77,1641.36,30.71,2,78.92713536522182
Kamini's Corner Cafe,New Westminster,49.21256260644152,-122.9363049723874,4.4,1,39977.78,6816.18,28.79,9,28.326621928166347
Ricky's Café,Burnaby,49.265735924672,-123.00574472331364,3.5,0,43350.0,6948.55,48.74,23,176.57115523584463
Presso Cafe,Burnaby,49.2808974,-123.0112123,4.6,1,40544.0,5347.52,26.59,19,144.04154226632005
GARDENWORKS at Mandeville,Burnaby,49.20673806,-122.99827474,3.5,0,40066.67,2998.32,27.46,0,115.30874617809441
Nemesis Coffee,Coquitlam,49.27395738471851,-122.79641453824804,4.4,1,37700.0,4818.32,29.97,11,203.92705224016933
Jim's Cafe,New Westminster,49.2120564,-122.9192509,3.9,0,43440.0,6987.53,29.91,38,36.64650885894658
Tera’s Bean,Burnaby,49.26761369497343,-123.0034919,4.1,1,42100.0,6741.8,46.55,21,9.893423996322841
You N Me' Cafe,New Westminster,49.2130212951451,-122.9370087,5.0,1,39666.67,6247.41,29.47,8,50.19712650672025
Waves Coffee House,Burnaby,49.231581,-123.009732,3.3,0,34411.43,7981.39,37.47,22,17.509347880875712
Flavor Balance Espresso Bar,New Westminster,49.21223,-122.9205,4.3,1,42937.14,7956.73,29.95,38,82.64344125518681
La Foret,Coquitlam,49.249287974841025,-122.85944733251488,4.2,1,39311.11,3830.66,27.58,18,96.67271207637616
Ruex Cafe & Bar,Surrey,49.1808237,-122.8448423,4.0,1,35437.5,6048.78,41.39,7,43.83693548297802
Coasters Coffee,New Westminster,49.20435909515937,-122.9090041723834,4.3,1,45216.67,10564.71,41.07,37,11.686404107103089
The Cafe,Burnaby,49.2582184,-122.9219579,5.0,1,43600.0,1189.33,23.61,0,378.04881137424013
Cafe Hashtag,Coquitlam,49.2433539231417,-122.891021765672,4.3,1,37828.57,4496.36,36.55,28,108.45469762810835
Kabayan Cafe,New Westminster,49.21337749566515,-122.9375284,5.0,1,39807.69,5934.33,29.02,8,8.040876688051135
Chef's Catering & Cafe,Burnaby,49.2467841,-122.9416052,3.4,0,41000.0,415.08,22.88,1,454.26284869568957
Trees Organic Coffee,Vancouver,49.2385014,-123.031401,3.5,0,35386.67,9378.61,36.92,3,26.51846991557313
Kory's Coffee,Burnaby,49.28010067001491,-122.9820175,4.0,1,38880.0,2002.18,28.08,2,39.86248470824023
Cafe Ricotta,Burnaby,49.24317080943199,-122.8930526599288,4.6,1,37920.0,4384.91,36.17,28,46.39532857800312
The Between Cafe,Burnaby,49.259088521715,-123.007713093253,5.0,1,39466.67,2667.64,42.45,5,416.30504869135086
Kids Play Cafe & Cafe Artistico,Surrey,49.111984,-122.810317,3.8,0,45784.62,6028.94,28.97,0,107.53435498083635
Prado Cafe,Burnaby,49.259823,-123.009807,3.5,0,40866.67,3388.27,42.46,3,300.9720849669624
Caffe Mira,New Westminster,49.21425325526439,-122.89784533568698,4.1,1,48044.44,5521.6,34.25,3,135.55582207972594
LIMA Cafe,Burnaby,49.26461644634673,-123.007993362844,4.0,1,45200.0,7601.68,50.27,15,188.67832586144752
Le Miel,Burnaby,49.24390825324487,-122.8940027,5.0,1,37920.0,4384.91,36.17,28,98.2066625886136
Passion8 Dessert Cafe,Coquitlam,49.246229030299254,-122.89227044221734,4.0,1,37975.0,4444.72,36.05,32,34.553436413879886
A and B Cafe,Burnaby,49.2449869820384,-122.9731382849,3.0,0,40025.0,993.83,24.3,2,47.15086300356729
Brisk Cafe,Coquitlam,49.28335,-122.7933949,4.6,1,36810.53,5832.29,28.33,31,29.984375396917336
Ek Chai Kahani,Surrey,49.11885835789898,-122.8240515212801,5.0,1,38584.62,4841.68,34.35,2,42.04859716889362
Paradise Donair and Coffee Mania,New Westminster,49.2102203,-122.9331284,3.4,0,40373.33,7381.89,30.8,11,59.50929223288117
Bjornbar Bakery,Coquitlam,49.26285,-122.88897,3.6,0,39047.06,5831.75,40.93,7,63.207602280462794
Cafe Delitzi,Coquitlam,49.28293,-122.79819,4.4,1,36388.89,6055.56,28.04,29,128.07684934221788
The Southside Cafe,Richmond,49.180771428271,-123.165193538618,4.7,1,40000.0,8926.5,25.51,3,238.6040702149346
Take Five Cafe,Burnaby,49.25513,-122.99468,5.0,1,41750.0,2640.61,39.22,0,50.75187715341954
Sun Century Cafe,Richmond,49.18621,-123.13344,3.9,0,30866.67,2403.59,49.47,37,91.2581025262785
The Mill Cafe,Burnaby,49.2234617,-122.9874456,0.0,0,34133.33,7142.58,41.62,14,153.0891495204816
Java Hut Cafe,Surrey,49.14277,-122.86767,4.5,1,31025.0,3178.66,34.08,2,157.61661896804625
Illo Kimbap Cafe,Coquitlam,49.2618485,-122.8904397,4.3,1,39522.22,5240.59,39.53,7,52.08634287871404
Paanwala Of Surrey,Surrey,49.19148636,-122.84919739,4.8,1,35444.44,5873.43,45.14,7,26.434900539336684
Oneway Cafe,Burnaby,49.254198,-122.9147789,3.8,0,44800.0,1862.98,25.3,0,203.38715668646122
The Venti,Richmond,49.1698598,-123.1367534,4.0,1,29833.33,9089.32,36.74,42,12.345945280924667
Ice Baby Bubble Tea,Burnaby,49.2300224,-123.0046844,2.5,0,33862.86,11430.58,38.21,29,84.31057524576256
Combine Cafe & Bar,Surrey,49.18170954562757,-122.8457860865099,3.7,0,35133.33,5636.78,40.43,7,74.25259321030205
Waves Coffee House,New Westminster,49.2131508,-122.9200801,3.4,0,42805.71,6858.32,28.93,37,33.53205201323637
Fluffle Cafe,Richmond,49.1842803,-123.1147434,4.6,1,33363.64,5015.06,34.9,1,49.23618545036115
Bread x Butter Cafe,Burnaby,49.228813980925075,-122.9998331,3.0,0,33491.89,11578.01,41.34,26,21.493822888592753
Blue Duck Cafe,Richmond,49.1682913993656,-122.993983620033,4.6,1,,,,0,117.77718164519911
Origin Cafe,Richmond,49.18412,-123.1263,4.6,1,32250.0,4056.41,43.68,20,52.103728952772784
Cafe Dorothy,Coquitlam,49.28083,-122.79272,4.3,1,36905.88,5750.39,28.53,36,84.17034302444189
The Concert Music Garden Cafe,Burnaby,49.2442726,-122.8927549,3.5,0,37920.0,4384.91,36.17,28,1.2696855306343025
Mad Hatter Bistro,Vancouver,49.28098,-123.02539,4.0,1,40295.65,4768.43,27.88,5,24.908614174649504
Big Shots Cafe,Burnaby,49.2809388,-123.0168383,3.4,0,41386.67,5350.25,27.79,19,26.843099498266305
Benzx Lounge,Burnaby,49.2811740409802,-123.0049691084986,0.0,0,38850.0,4903.93,26.73,16,31.12963906949194
Delicia Cafe & Bakery,New Westminster,49.20208,-122.90914,3.8,0,45640.0,11793.24,41.43,50,119.57692700568252
Riverside Cafe,Richmond,49.11923995426843,-123.16411098265552,4.2,1,47733.33,6432.47,17.22,2,638.7616981398472
Cup Full Dessert Cafe,Coquitlam,49.28083,-122.79272,3.7,0,36905.88,5750.39,28.53,36,84.17034302444189
El Santo,New Westminster,49.2022405,-122.9093807,3.7,0,45640.0,11793.24,41.43,51,114.60716691044523
Han Lin Noodle House,New Westminster,49.210381277082135,-122.91715603819992,3.5,0,43654.05,7978.02,34.15,35,27.097919847174257
Columbia Street Sandwich,New Westminster,49.2034109,-122.9071758,4.6,1,44610.53,10681.25,44.85,33,5.19795007741031
Taqueria Playa Tropical,New Westminster,49.2097840906051,-122.91639733055,3.7,0,43569.23,8675.43,36.77,33,11.186274526353683
The Old Spaghetti Factory,New Westminster,49.201925687134,-122.91260507829,3.5,0,45381.82,12053.81,40.88,55,28.802673925460553
Cockney Kings Fish & Chips,New Westminster,49.2008661133601,-122.916763893224,4.0,1,44304.76,13184.49,40.17,41,81.51006500789518
Piva Modern Italian,New Westminster,49.201547,-122.911386,4.0,1,45542.86,11943.34,40.92,54,45.168665642264926
Longtail Kitchen,New Westminster,49.1997723,-122.9124427,4.0,1,45266.67,13328.24,41.04,47,114.83345798353098
6th Ave Bread & Deli,New Westminster,49.2120019089755,-122.922128466349,4.4,1,42475.68,7978.66,30.64,38,115.2138202952034
Artusi Restaurant,New Westminster,49.2105935011629,-122.917292262862,4.0,1,43631.58,7870.36,34.03,35,38.978269103126806
Banette,New Westminster,49.212666374930784,-122.9200253,4.5,1,42678.79,7867.68,29.6,38,69.50353216315067
Angelina's,New Westminster,49.200022,-122.91173,3.9,0,45266.67,13328.24,41.04,50,103.91123827365422
Amelia Restaurant,New Westminster,49.20876,-122.93227,4.3,1,40554.84,6391.15,30.74,11,15.096433506934758
Burger Heaven,New Westminster,49.20138,-122.91604,3.6,0,44017.39,13388.14,40.6,43,105.11786509315246
Jokim Kitchen,New Westminster,49.2123946,-122.92115999999676,4.1,1,42678.79,7867.68,29.6,38,62.25104422953128
The Hide Out Cafe,New Westminster,49.2029257,-122.9108691,4.2,1,45478.26,11258.13,40.57,52,175.91424216647627
Yianni's Greek Taverna,New Westminster,49.2124240808659,-122.919168452339,3.7,0,43211.76,6869.19,29.51,38,54.94632018136112
Ikoi Sushi,New Westminster,49.23018,-122.89239,4.4,1,47485.71,2842.66,32.88,8,36.33541325644421
Sushi Well,New Westminster,49.2126787,-122.9200936,4.0,1,42678.79,7867.68,29.6,38,64.42799273522236
Sixth Street Grill,New Westminster,49.2108238069653,-122.917073781025,3.7,0,43513.51,7737.71,32.61,35,45.67750953786394
North Noodle House,New Westminster,49.200992,-122.913094,3.9,0,44968.42,13227.66,41.0,52,7.728358847031394
Sanjo Sushi Asian Cuisine,New Westminster,49.212860664254805,-122.92019516255849,4.4,1,42678.79,7867.68,29.6,38,51.367230225691905
Sushi Simagoya,New Westminster,49.1849621482515,-122.949424850882,4.6,1,41040.0,3192.06,31.18,3,71.99292479516438
Massawa Restaurant,New Westminster,49.21062,-122.91767,3.9,0,43427.03,7872.3,33.18,35,65.83858807695167
Big Star Sandwiches,New Westminster,49.2021828,-122.9094816,3.9,0,45640.0,11793.24,41.43,51,124.24735072062246
IT Char Burger,New Westminster,49.222413,-122.9122126,4.5,1,45312.5,3656.72,23.77,2,70.55956556689729
Sushi Yen,New Westminster,49.2038975160565,-122.908591367304,3.8,0,45781.82,10499.6,41.29,43,48.84170443196737
Banh Mi Bar Restaurant,New Westminster,49.20279527932723,-122.91101334289716,4.7,1,45478.26,11258.13,40.57,52,158.02475833481688
Anny's Dairy Bar,New Westminster,49.214855,-122.922433,4.2,1,41381.25,7339.84,27.75,28,112.96958682518371
Re-Up BBQ,New Westminster,49.2000834965815,-122.911374465514,3.8,0,45623.53,13453.29,41.23,50,115.15869615061519
Chaiiwala,New Westminster,49.21238,-122.920151,4.2,1,42776.47,7837.76,29.76,38,81.36437259206687
Thai New West,New Westminster,49.229001,-122.89251,3.8,0,47485.71,2842.66,32.88,11,155.3501471362809
Kushi Mura Japanese Izakaya,New Westminster,49.2018489,-122.9127047,3.2,0,45381.82,12053.81,40.88,55,18.699237916749755
Arvind's Curry & Cocktail,New Westminster,49.2107666,-122.917511,3.1,0,43277.78,7827.2,33.12,35,62.25551944137194
Dine Kanadiyan,New Westminster,49.21197868804981,-122.9211672344025,3.7,0,42628.57,8203.92,30.47,38,107.2856563785203
Epic Grill Silogs + Sans Rival,New Westminster,49.190376,-122.9364904,4.1,1,43666.67,2969.05,32.39,0,46.668524743397455
Donair Star,New Westminster,49.2083493,-122.93167515413184,4.0,1,40737.5,6722.05,31.11,11,19.906989264829072
Kioku Kitchen,New Westminster,49.2015316664854,-122.9134644,4.4,1,45036.36,12659.45,40.56,54,5.037436097379291
Tina Vietnamese Cuisine,New Westminster,49.20230997138088,-122.91254500292511,4.5,1,44848.0,11666.17,40.58,55,64.0833767642317
Victoria Sushi,New Westminster,49.213378,-122.89888,4.0,1,49080.0,5420.69,33.61,2,74.72363614511663
Sushi Heaven,New Westminster,49.2306827,-122.8929216,3.8,0,47485.71,2842.66,32.88,8,31.69647263728694
4 Seasons Chaat House,New Westminster,49.210675,-122.917569,3.8,0,43277.78,7827.2,33.12,35,61.02765482357659
Shawarma Corner,New Westminster,49.2029499,-122.9086533,4.5,1,45409.52,11548.61,41.4,48,22.809003818419907
Stefanos Restaurant,New Westminster,49.2054199,-122.90424,3.0,0,46200.0,10105.08,46.28,12,97.57695200193737
Balai in the Borough,New Westminster,49.19034444678847,-122.949241,3.8,0,39350.0,3159.37,31.54,1,235.39808314256288
Shiok,New Westminster,49.208416,-122.931803,4.6,1,40654.55,6538.73,30.88,11,26.638359207594863
Sichuan Yummy Food - Wonton House,New Westminster,49.20607,-122.92832,4.7,1,41090.91,7620.04,32.29,8,22.169687524815203
Big Way Hot Pot,New Westminster,49.20104990676527,-122.91260437496535,4.6,1,45340.0,12487.04,40.7,55,26.18922360811675
Pizzeria Ludica,New Westminster,49.2040696455815,-122.909304314068,3.5,0,45424.0,10681.43,40.37,43,31.194875463249645
Bubble World,New Westminster,49.2048187,-122.9100876,3.3,0,45157.14,10938.65,40.22,37,16.291687400495046
Pho Chan,New Westminster,49.2228583293267,-122.914227216925,3.8,0,43610.53,4251.95,25.1,2,118.54768216059573
Woomi Sushi,New Westminster,49.2225852,-122.914627,4.3,1,43190.0,4431.61,24.41,2,78.20115604453432
FusionCore Japanese Eatery,Burnaby,49.2194467307934,-122.927554920316,3.9,0,39176.92,5793.44,25.57,6,30.984430439218446
Greens & Beans Deli,New Westminster,49.2229306,-122.8931559,4.3,1,47709.09,4128.88,32.82,5,59.44178253651432
Royal Tandoori Indian Restaurant,New Westminster,49.20512,-122.90983,3.7,0,44830.77,10787.81,41.12,34,28.689246605581232
Abyssinia Ethiopian Restaurant,Burnaby,49.2224351,-122.9437792,3.9,0,36028.57,6393.02,32.68,11,75.45647776421812
Sora Sushi House,New Westminster,49.20252,-122.91375,4.5,1,44544.0,12191.63,40.28,55,99.11414369783078
Papa Johns Pizza,New Westminster,49.21329659729184,-122.91968736842948,3.1,0,42805.71,6858.32,28.93,37,10.318821069898597
The Chopped Leaf,New Westminster,49.2122867,-122.9190461,3.5,0,43211.76,6869.19,29.51,38,37.316308304702524
Pho Angkor Noodle House,New Westminster,49.2012551,-122.9169549,4.5,1,44054.55,13236.38,40.14,40,126.45529575491989
Pizza Pizzeria,Burnaby,49.2308488,-122.9058827,4.2,1,45576.47,3671.31,26.05,2,336.0451375952691
Katsuya,Coquitlam,49.26175,-122.89038,4.4,1,39522.22,5240.59,39.53,7,44.220832635783026
Gong cha,New Westminster,49.2005508,-122.9151912,4.5,1,44947.37,13108.67,40.09,44,30.536532138061634
Kojima Sushi,New Westminster,49.2106056213379,-122.917495727539,2.8,0,43427.03,7872.3,33.18,35,53.27672035922984
Serious Coffee,New Westminster,49.20049907250124,-122.91531119692569,4.2,1,44947.37,13108.67,40.09,44,40.54628528930448
Hi Dozo Sushi,New Westminster,49.212302836833665,-122.9218728,3.1,0,42377.78,8010.24,30.51,38,99.30543488465428
Ho Fung,New Westminster,49.215071,-122.9227783,3.5,0,41278.79,7104.42,27.67,27,78.26936135731981
Mean Poutine,New Westminster,49.21308,-122.91995,4.3,1,42805.71,6858.32,28.93,37,35.16011161453043
Pamola Bakery and Deli,New Westminster,49.2000426090809,-122.911609739566,3.7,0,45623.53,13453.29,41.23,51,107.12041655875615
gastronomia Italia,New Westminster,49.20325393435578,-122.90812679573745,4.4,1,45160.0,11465.69,42.25,44,30.42443743905889
The Peri Peri Shack,New Westminster,49.20985443619279,-122.91650641534834,4.0,1,43569.23,8675.43,36.77,34,11.318759702071889
Chan's Garden,New Westminster,49.2298584,-122.8930588,3.7,0,47485.71,2842.66,32.88,9,72.89361572416944
Royal Crown Pizza,New Westminster,49.2084010373217,-122.920245955181,3.9,0,43156.76,9824.57,36.31,27,31.534652477111667
Quayside Tiki Bar,New Westminster,49.20015,-122.9117,4.0,1,45266.67,13328.24,41.04,51,93.68902598125771
Moodswing Coffee And Bar,New Westminster,49.2022517,-122.9085935,4.0,1,45640.0,11793.24,41.43,48,87.93006819751204
The Boathouse Restaurant,New Westminster,49.1995806,-122.9128469,2.4,0,45176.47,13530.34,41.07,46,136.44360072589507
Saigon Ivy,New Westminster,49.21207002304541,-122.91928025557236,3.4,0,43522.22,6931.93,29.86,38,38.98241114547762
Dutch Anchor Restaurant,New Westminster,49.19446139999999,-122.9279768,3.3,0,48480.0,4484.7,31.15,0,54.159124524398
New Lakeview Seafood & Wunton,Burnaby,49.2204185639885,-122.930049553083,3.3,0,39200.0,5620.64,25.92,7,57.443555838094554
Rong Rong Tea House,New Westminster,49.2025566,-122.913414,3.7,0,44738.46,11741.06,40.49,55,90.83940349365751
Mediterranean Donair House,New Westminster,49.215202,-122.9225917,3.8,0,41381.25,7339.84,27.75,27,79.57488481270633
The Taco Factory,New Westminster,49.22904,-122.89241,3.4,0,47507.69,2863.2,33.38,11,158.65864555678365
Indian Bombay Bistro,Burnaby,49.2231570510965,-122.932603361937,3.9,0,38141.67,5132.26,25.8,5,41.38761230520458
Togo Sushi,New Westminster,49.2010569283793,-122.913864420441,3.5,0,44685.71,13374.58,40.84,49,34.62180415173417
Galbi Korean BBQ,New Westminster,49.20165048669456,-122.91409,5.0,1,44747.83,12759.15,40.66,52,48.75984846328446
Pho Ace,New Westminster,49.2131832,-122.9197982,4.0,1,42805.71,6858.32,28.93,37,21.218496109838068
Sushi Farm,New Westminster,49.2118195905541,-122.924703396857,4.1,1,41680.0,7965.98,30.02,29,42.79129440125547
Steve’s Poké Bar,New Westminster,49.22412,-122.89235,3.8,0,47666.67,4120.89,32.47,5,85.19699089296948
Nashville Hot Chicken,New Westminster,49.20631,-122.92821,1.0,0,41090.91,7620.04,32.29,8,49.315838431870375
Peranakan Kitchen,New Westminster,49.206320079356665,-122.92838104069232,5.0,1,41090.91,7620.04,32.29,8,44.70233300488236
Indian Courtyard Restaurant,New Westminster,49.2081197,-122.93072195981304,3.6,0,40946.67,6779.57,31.05,11,56.89650592634988
Khob Khun Thai Cuisine,Coquitlam,49.249218,-122.858859,4.3,1,39311.11,3830.66,27.58,16,56.59976549217127
White Spot  - New Westminster,New Westminster,49.21307852784236,-122.92103836949718,2.9,0,42678.79,7867.68,29.6,37,19.80772260393258
The Notorious Grey Fox,New Westminster,49.2181945291168,-122.89461974054576,3.5,0,51200.0,4299.17,27.35,1,130.48659943177617
Gino's Restaurant,New Westminster,49.2296123,-122.8930169,3.5,0,47485.71,2842.66,32.88,10,97.67947652637595
Kurry Wala,Burnaby,49.22184,-122.930963,4.2,1,38530.77,5159.47,25.62,7,36.15058703554355
Sushi Hinode,New Westminster,49.202381,-122.912609,4.7,1,44738.46,11741.06,40.49,55,69.39952904568574
Browns Socialhouse Brewery District,New Westminster,49.2250086337406,-122.892624952746,3.4,0,47266.67,3005.07,33.22,8,41.31312578008376
Hi Five,Burnaby,49.23062773,-122.9063846,3.4,0,45244.44,3714.17,26.28,2,337.87619622002995
JOEY Coquitlam,Coquitlam,49.2457652,-122.89261,4.0,1,37546.67,4567.42,36.38,32,78.42129969483025
Plato Filipino,New Westminster,49.2005652,-122.9151592,3.0,0,44947.37,13108.67,40.09,44,27.86629754098026
The Flapper Lounge,New Westminster,49.2025634283609,-122.91249129921196,4.7,1,44738.46,11741.06,40.49,55,91.4038162357954
Kirin Restaurant,New Westminster,49.1867640831858,-122.955329577009,3.5,0,40666.67,2762.85,30.75,3,256.96827539262887
New West Pizza,New Westminster,49.18402,-122.95018,4.2,1,41040.0,3192.06,31.18,3,86.94094728811471
Oh! Zzhu Sam,Burnaby,49.2219905,-122.9446256,4.2,1,35551.72,6536.9,32.25,13,7.611291369632408
De Dutch,New Westminster,49.200425,-122.917656,3.1,0,44600.0,13078.97,40.05,37,100.31774586282964
Afghan Chopan Restaurant,Surrey,49.147471095003574,-122.86530131592922,3.9,0,30028.57,1684.04,35.37,11,204.21741784114118
The Babs Kitchen & Brunch Cafe,New Westminster,49.230246778663854,-122.87929274820038,4.0,1,44960.0,2184.92,41.74,0,381.87098350297
Pho 99,New Westminster,49.21049,-122.93353,3.1,0,40427.59,7307.83,30.67,11,23.15123366721028
Pizza Garden,New Westminster,49.2015796,-122.91292850381411,3.6,0,45180.95,12595.38,40.67,55,24.335140672018923
Itilia Kitchen & Bar,New Westminster,49.20002557750679,-122.9117314,3.5,0,45266.67,13328.24,41.04,50,103.52274704288507
Dehls Gourmet,New Westminster,49.1997935,-122.9132011,4.7,1,44968.42,13227.66,41.0,46,104.08290044583268
Fresh Sushi Roll,New Westminster,49.2133039,-122.9207809,2.8,0,42321.21,7765.07,28.96,36,12.965142339625682
Kimshaker Foodhub,New Westminster,49.2127294,-122.92236920446156,4.0,1,41563.64,7876.95,29.96,35,109.31452350468827
Tasty Planet,Burnaby,49.2191693,-122.9276451,4.4,1,39592.86,5865.18,25.67,6,28.1320030751653
Ole Ole Mexican Deli,New Westminster,49.21157,-122.93511,3.5,0,39986.67,6841.06,29.8,13,97.54441368414045
District Taphouse,New Westminster,49.2289699,-122.89308,3.2,0,47485.71,2842.66,32.88,11,152.99679838189343
Nam Vegan,Burnaby,49.2308613,-122.905859,4.6,1,45576.47,3671.31,26.05,2,335.51411196211575
Golden Samosa Bakery,Surrey,49.15395,-122.86205,4.3,1,31440.0,1742.33,34.24,3,391.83799735887754
Bruncheria,New Westminster,49.2319,-122.89233,3.5,0,46571.43,2704.21,34.37,7,20.19328423791495
Grill N More,New Westminster,49.2124671,-122.92136,0.0,0,42678.79,7867.68,29.6,38,61.28643402723947
The Wild Fig Restaurant,Coquitlam,49.24654219423704,-122.89164322883552,3.4,0,37975.0,4444.72,36.05,33,67.8224722936171
Cacao Mexican Food,New Westminster,49.2030652,-122.9074944,4.0,1,45160.0,11465.69,42.25,41,45.041276995281514
On & Off,Coquitlam,49.24863875402061,-122.81714619874644,3.8,0,47250.0,2559.59,20.91,2,99.57199987196863
Waves Coffee House,New Westminster,49.2021378,-122.9101707,3.1,0,45472.73,11770.84,40.94,51,151.944966093878
Kalash Indian Kitchen,New Westminster,49.1849,-122.949233,4.6,1,41040.0,3192.06,31.18,3,66.66945593157291
Bluefin Sushi,New Westminster,49.22665044765496,-122.89299105765632,3.6,0,47507.69,2863.2,33.38,12,32.317589195654655
Naan Club Modern Indian Bistro,Coquitlam,49.2338484,-122.8537229,4.6,1,42240.0,700.41,25.67,10,91.91799771610047
The 23 House Banh Mi,New Westminster,49.202775,-122.9110645343588,5.0,1,45478.26,11258.13,40.57,52,154.06129355853602
Chungchun Rice Dog,New Westminster,49.20095433407661,-122.91446209325429,4.3,1,44685.71,13374.58,40.84,46,17.061291715992017
Tora Sushi,New Westminster,49.1912222,-122.9462299,2.7,0,39200.0,2734.7,32.03,1,373.60960247125206
Tabanani Cuisine,New Westminster,49.19986556961975,-122.9133677110076,5.0,1,44968.42,13227.66,41.0,46,90.12712155525442
Saku,Coquitlam,49.262560181685686,-122.8892912429378,4.3,1,39047.06,5831.75,40.93,7,30.851236979966618
Kokoro Tokyo Mazesoba,Coquitlam,49.2508308,-122.8926851,4.1,1,37112.5,6723.17,38.98,16,41.836093073418446
A&W,Burnaby,49.21369050533086,-122.93895013853908,4.6,1,39776.92,5875.3,32.12,5,78.96880688452474
Boston Pizza,New Westminster,49.200572324849,-122.918331664376,2.3,0,44127.27,12205.78,40.26,35,54.80179358204996
Grandt Kitchen,Surrey,49.189707024899,-122.846393287182,3.9,0,35926.32,7277.06,45.56,11,84.68094748486277
McDonald's,New Westminster,49.2123616960379,-122.918872872422,2.5,0,43211.76,6869.19,29.51,38,39.87943066295538
Mineiros Brazilian Bistro,Burnaby,49.22228570000001,-122.9438174,4.1,1,35641.38,6502.64,32.3,11,65.08540552115112
Golden Parrots Pub,Coquitlam,49.23296,-122.82035,4.3,1,45066.67,2609.12,25.15,0,33.14894748946253
Sushi Mura,Coquitlam,49.24253556,-122.89257508,4.7,1,38425.0,4044.87,35.75,26,32.29334106581805
DL Chicken,New Westminster,49.20233,-122.92738,5.0,1,41824.0,9002.56,37.15,3,201.96977897207714
Morning Tide Eatery,Coquitlam,49.2370123799837,-122.852788790242,4.5,1,42320.0,2989.28,26.81,11,400.03046809845216
Popeyes,Burnaby,49.21372,-122.93885,2.9,0,39776.92,5875.3,32.12,5,77.09688875792851
Pizza Art,Burnaby,49.21867,-122.95386,4.0,1,36333.33,9550.1,34.09,10,55.59281097432138
Passenger Cafe,New Westminster,49.200772,-122.9128591,4.0,1,44968.42,13227.66,41.0,52,6.64316226565109
TMFOX Cafe,New Westminster,49.210531,-122.9337946,2.0,0,40427.59,7307.83,30.67,11,15.493043990060407
Chai Coffee Company,Surrey,49.204153352896995,-122.8718295,4.8,1,32480.0,2212.97,33.8,0,129.42309313703134
Chaiiwala Of London - King George Hub,Surrey,49.183129,-122.84476,4.5,1,35586.67,7088.05,42.91,8,27.334027469840745
BG Urban Cafe,New Westminster,49.2264137268066,-122.901428222656,0.0,0,46900.0,3902.11,27.7,0,133.1879330905252
Chaiiwala of London,Surrey,49.14829,-122.86628,3.9,0,30028.57,1684.04,35.37,11,117.15899240839416
The Loop Cafe,New Westminster,49.20182,-122.91405,0.0,0,44544.0,12191.63,40.28,53,52.874630303126224
Caffe Reggio,Coquitlam,49.23690507421246,-122.8705096,4.7,1,41920.0,3700.69,29.55,5,34.35573145800502
The Brew Estate Cafe & Kitchen,Surrey,49.165126,-122.8897187,4.5,1,34276.92,3802.07,31.46,2,158.08758455522263
Homespun Cafe,New Westminster,49.22568,-122.8930249,1.0,0,47428.57,2800.14,32.16,10,17.450306584509168
Waves Coffee House,Surrey,49.19847,-122.851331,3.5,0,34866.67,5558.69,43.55,2,61.50345960062909
Corner Cafe,New Westminster,49.225357,-122.8933213,3.0,0,47538.46,3034.85,32.7,9,25.83721544521986
Kap’s Cafe,Surrey,49.15744608410078,-122.89004916926464,4.5,1,35307.69,3030.55,31.67,2,132.6781188860947
Cafe Log,New Westminster,49.20128876194589,-122.91272218650852,1.0,0,45340.0,12487.04,40.7,55,16.95381498566175
Brownvibe Cafe,Surrey,49.1492,-122.86563,0.0,0,29900.0,1815.89,34.93,11,176.3066068331492
Fuel Cafe,Coquitlam,49.2274699,-122.83736,2.0,0,43200.0,386.3,23.87,2,136.1990044945681
Chaiiwala,Burnaby,49.27807222953898,-122.90977293603744,4.0,1,36000.0,607.3,47.19,0,108.35374716149435
Nemesis,Surrey,49.18862920359811,-122.85131372327882,0.0,0,34950.0,6219.03,46.51,8,125.04941325501743
Drippy Desserts,Surrey,49.150338497592806,-122.8898041,0.0,0,34190.0,5943.25,32.76,3,92.81956896483398
C4U Cafe,Coquitlam,49.261591,-122.887833,0.0,0,39047.06,5831.75,40.93,7,124.0489408942034
Cafe Tehroon,Coquitlam,49.2486,-122.81791,0.0,0,47250.0,2559.59,20.91,2,155.13867476155073
JD Café,Coquitlam,49.2492230474632,-122.858835048974,0.0,0,39311.11,3830.66,27.58,16,55.65763047357677
Coffee News Bc,Burnaby,49.20028,-122.98532,0.0,0,43000.0,172.15,23.76,3,401.57458570124675
Watt's for Lunch,Burnaby,49.21070551163732,-122.95778668465525,3.0,0,39866.67,5292.53,29.99,0,149.4750697201852
Harmony Cafe,Burnaby,49.249725139064815,-122.89458889325428,3.0,0,37657.14,7362.69,38.43,19,158.51071450760907
Ambar Surrey  Restaurant & Dhaba,Surrey,49.1282148,-122.8451664,4.5,1,34266.67,4328.21,28.27,0,131.23706822831696
Afghan Kitchen South Surrey,Surrey,49.0445839,-122.7766512,4.6,1,43155.56,3222.3,27.8,10,134.0138772465535
The Carvery Sandwich Shop,Surrey,49.04649,-122.79411,4.5,1,40181.82,3360.29,21.58,7,101.61014910922611
Vault Restaurant,Surrey,49.10711,-122.73478,3.9,0,41200.0,2752.94,28.74,11,71.0733066058437
New York New York,Surrey,49.118524,-122.801402,3.8,0,42400.0,5014.17,30.34,0,18.678664410674273
Old Surrey Restaurant,Surrey,49.13376877137055,-122.84896724397012,4.3,1,34133.33,3126.73,30.26,12,141.12580261115647
Yugafu Japanese Bistro,Surrey,49.12598822369157,-122.70117985561906,5.0,1,47933.33,5014.93,28.56,5,78.72544595970862
Sabai Thai Restaurant,Surrey,49.1909867,-122.8065349,4.0,1,35350.0,7115.56,29.37,6,3.4867025411144517
Maruhachi Ra-men,Surrey,49.167891,-122.800795,4.7,1,35188.24,3853.44,28.87,3,54.72041953461875
Dragon Village Restaurant,Surrey,49.10558,-122.73478,4.3,1,41200.0,2752.94,28.74,11,119.36714970590977
Chuihong,Surrey,49.19184,-122.78787,4.2,1,37876.92,4169.18,29.39,0,93.27859509324622
Tap Restaurant,Surrey,49.06362140752368,-122.7971484,4.2,1,50618.18,3231.69,23.25,2,291.13119041580427
Seoul Grill House,Surrey,49.18662844935571,-122.80218576441264,3.4,0,36113.04,6494.28,28.84,17,113.001469366801
Yory Korean Cuisine,Surrey,49.1569241,-122.7809906,4.4,1,37631.58,5439.46,25.09,11,147.52529351705658
Dragon Wok,Surrey,49.134925,-122.843366,5.0,1,35353.85,3617.48,28.82,15,162.97903306685276
Ruby Siam Thai Kitchen,Surrey,49.1064009,-122.7352826,4.3,1,41200.0,2752.94,28.74,11,123.16091645412273
Texx Big Burger,Surrey,49.189932,-122.841323,4.1,1,36411.11,7507.07,45.21,5,172.4801404852652
Chopsticks On Pho,Surrey,49.1044634,-122.7986729,3.8,0,47100.0,4730.17,27.24,8,88.47096150956462
Ato Sushi Bar Kitchen,Surrey,49.1029789,-122.8008651,4.6,1,45920.0,2586.73,27.99,10,71.71158433800372
Hooked Fish Bar,Surrey,49.0523737,-122.8846858,3.1,0,46400.0,2104.8,14.98,2,119.76431389983328
Ken's Cafe,Surrey,49.105785,-122.735295,4.7,1,41200.0,2752.94,28.74,12,137.4041777320446
The Cabin Restaurant,Surrey,49.0528603,-122.8809814,3.4,0,51600.0,1141.64,14.72,2,50.173119053371906
Umami Sushi,Surrey,49.1191614520774,-122.73165560105,3.9,0,43733.33,1737.56,26.08,0,40.17398064414783
OZen Japanese Restaurant,Surrey,49.18581633703874,-122.79991012209054,4.3,1,36390.48,5772.43,27.58,17,84.47772146923462
Cactus Club Cafe,Surrey,49.0604907475,-122.804682831,4.0,1,50100.0,3338.72,25.36,4,210.86696801344638
Katsu San,Surrey,49.19849367001739,-122.77940131605068,4.8,1,36661.54,2942.56,24.95,0,43.81579337944529
Captain's Oven Pizza,Surrey,49.17799334576209,-122.84283366137696,4.7,1,35000.0,6355.76,40.52,5,120.08595337478339
Green Lettuce Indian Style Chinese Restaurant,Surrey,49.1179419178998,-122.890040874481,3.6,0,40257.14,5251.85,26.52,1,55.73721687016903
Hiroshi Ramen,Surrey,49.11508,-122.68186,4.5,1,46033.33,2661.51,31.9,3,79.11736920366988
Browns Socialhouse Panorama,Surrey,49.10397,-122.798523,3.3,0,47100.0,4730.17,27.24,9,103.93007896071293
Lahori Sweets & Restaurant,Surrey,49.1484413,-122.8649063,4.0,1,29900.0,1815.89,34.93,11,213.79057899616294
Taste of Himalayas,Surrey,49.13204,-122.83918,4.4,1,34733.33,4983.48,29.39,4,49.73973994454252
My Greek Taverna,Surrey,49.12013,-122.89007,3.9,0,39969.23,5368.76,26.76,1,39.744955079139395
Palmyra Mediterranean Grill,Surrey,49.1860231,-122.800806,4.1,1,36490.0,6240.88,27.84,18,46.074694358319405
Ladybird's Trattoria,Surrey,49.0525910210857,-122.69256623466444,4.9,1,,24.2,24.39,2,70.79958938306733
The Waffle Co.,Surrey,49.135660700709366,-122.84347474404068,4.3,1,35057.14,3611.26,29.01,13,204.08803306477958
Showshaa - The Modern Taproom,Surrey,49.05722,-122.80085,4.1,1,48311.11,3240.38,21.34,6,63.79396846418886
Chacha's Tandoor & Grill,Surrey,49.14829,-122.86628,4.5,1,30028.57,1684.04,35.37,11,117.15899240839416
Salsa & Guacamole,Surrey,49.133821637841805,-122.84886589325409,3.8,0,34133.33,3126.73,30.26,12,134.49373516350562
Bandra Cafe,Surrey,49.13632358752905,-122.8899743625656,4.4,1,33126.32,4988.15,32.42,7,52.47413385449293
Chili House Restaurant,Surrey,49.1144981,-122.6806335,4.3,1,46033.33,2661.51,31.9,2,35.0233404613781
One More Thai,Surrey,49.1333200177501,-122.88981649088,3.6,0,34188.89,5540.96,31.64,4,61.26937746195896
The Samosa House,Surrey,49.162746,-122.866827,4.4,1,31236.36,1685.3,36.8,0,53.67536229357059
The Jin sushi,Surrey,49.1364,-122.84264,4.6,1,34720.0,3583.39,28.41,10,233.8552146093891
The Greek Corner,Surrey,49.1343307,-122.8452682,3.6,0,34833.33,3353.82,28.13,14,10.920962155200266
Skye Avenue Kitchen & Lounge,Surrey,49.1876994453086,-122.84848282640564,4.1,1,35314.29,7314.44,44.8,10,127.92063079851187
Rosie's Country Cafe,Surrey,49.056674380316,-122.80853109372926,3.9,0,42400.0,1489.24,17.6,3,168.94118787972917
Ay Chihuahua,Surrey,49.0332999,-122.80094,4.1,1,40533.33,6014.68,13.88,4,8.203063549272558
Main Choice Chinese Restaurant,Surrey,49.1338858,-122.8518572,3.8,0,33569.23,3024.85,30.21,5,23.407284644178567
Prabu Sweets,Surrey,49.13036,-122.86825,3.9,0,30181.82,5994.8,35.86,1,82.19838773560855
GNJ Vegetarian Bistro,Surrey,49.1363708,-122.8922328,4.4,1,33590.0,4915.02,32.07,7,142.9411268165994
Clove,Surrey,49.1189018,-122.8257539,4.1,1,38613.33,4699.69,34.1,2,143.5104976945095
Sal y Limon,Surrey,49.0469347453396,-122.77867790858,3.8,0,42577.78,4505.6,24.13,9,104.33948874815447
Sapporo Kitchen,Surrey,49.03159912001535,-122.80144046744888,3.9,0,41216.67,6358.39,14.01,2,35.85461605959343
Dragon Wok,Surrey,49.150437,-122.865346,4.0,1,29485.71,1550.05,35.84,12,195.02470417922822
Swagat Indian Restaurant,Surrey,49.176057,-122.801236,4.3,1,36564.71,4248.63,25.91,0,40.60659063923139
Dublin Crossing Irish Pub,Surrey,49.12426199999999,-122.702092,3.4,0,48225.0,4937.76,28.16,5,52.32226981996882
Dawood's Pizza,Surrey,49.11893,-122.8171,5.0,1,39166.67,4283.39,32.87,0,16.706836608687443
A&W,Surrey,49.1343815,-122.88677929,4.6,1,32129.41,5176.0,33.42,4,198.7370781646578
Archie's BBQ,Surrey,49.18755,-122.79773,4.1,1,36047.62,5890.35,28.83,16,226.78352811879503
Kin Thai Kitchen & Bar,Surrey,49.0466759494366,-122.77521704598,3.5,0,43200.0,4139.23,27.12,7,121.1263774755503
bb.q Chicken & Pub,Surrey,49.18383422068441,-122.8023930853906,4.3,1,36190.0,5843.24,27.41,9,98.32375610630298
Malaysian Hut,Surrey,49.1989290068985,-122.814328819513,4.0,1,35425.0,5108.61,29.8,3,91.11520133606183
Liberty Kitchen,Surrey,49.0452889438938,-122.778361737728,3.9,0,42577.78,4505.6,24.13,11,18.54921797210629
ChongQing Restaurant,Surrey,49.15272034339086,-122.88974194707586,3.1,0,34600.0,6083.1,32.38,1,37.11506452338074
Jerusalem Grill & Shawarma,Surrey,49.15907004962188,-122.78113721962818,3.5,0,37611.11,5424.27,25.28,11,75.60247970005709
Guacamole Mexican Grill,Surrey,49.196753526063695,-122.84564846554132,4.4,1,36675.0,5392.19,43.98,2,193.82830900983407
Hansel Deli,Surrey,49.10792,-122.73477,4.4,1,41750.0,2164.4,28.58,10,28.590393011138215
Diamond Buffet,Surrey,49.11172,-122.72963,2.4,0,41320.0,2513.71,27.28,0,103.74498413232479
Fast Fired,Surrey,49.14821,-122.889696,4.0,1,33730.0,6426.82,32.57,2,89.62898586968079
U R Restaurant,Surrey,49.1994551,-122.8137501,4.4,1,35670.59,4996.58,29.41,3,85.94935627285066
Curry Lounge,Surrey,49.0453451,-122.7783363,3.8,0,42577.78,4505.6,24.13,11,12.064365393516113
Pak Punjab Sweet & Samosas House,Surrey,49.17733,-122.86766,4.0,1,32314.29,5059.33,36.25,1,19.828686459200718
Yoko Sushi & Noodle House,Surrey,49.15737,-122.77828,3.9,0,38037.5,5570.19,24.93,12,88.98818792371395
Thai By Thai,Surrey,49.1698001,-122.8900551,4.1,1,34350.0,4321.08,32.51,0,25.189241732287858
Steve's Poké Bar,Surrey,49.18376,-122.80127,4.5,1,36428.57,5919.43,27.62,10,25.68900302697269
Dragon's Chop Suey House,Surrey,49.15719,-122.77781,3.5,0,38037.5,5570.19,24.93,12,55.13337813458365
Aaron's Restaurant,Surrey,49.1062,-122.73329,3.2,0,41100.0,2812.39,28.68,11,26.018759967290272
Hawthorne Beer Market & Bistro,Surrey,49.10484,-122.7352,3.4,0,41200.0,2752.94,28.74,12,202.00725421095336
Utopia Noodles,Surrey,49.158580176583506,-122.7811632,4.8,1,37611.11,5424.27,25.28,11,47.94675262583633
Sushi on Surrey,Surrey,49.15725,-122.77954,4.3,1,37722.22,5419.83,25.07,11,74.52518409638432
The Back Room,Surrey,49.042265589442,-122.77957271282486,4.4,1,40360.0,2808.23,26.9,7,177.66844347248093
Bacayon's Chibugan,Surrey,49.19166,-122.83465,4.5,1,35323.08,4650.5,34.27,0,10.909414665060796
Kiki's Restaurant,Surrey,49.03728,-122.80147,3.8,0,39152.94,4433.64,15.86,2,59.00322663261534
The Taste of Africa,Surrey,49.196348,-122.845649,4.4,1,36675.0,5392.19,43.98,2,185.61909069440645
Viet Houng Asian Flavor Deli,Surrey,49.1887226115802,-122.860729718055,4.6,1,33884.21,5410.05,42.08,0,328.11145142971276
Navraj Sweets & Restaurant,Surrey,49.1501801430419,-122.866437749758,4.4,1,30000.0,1695.75,34.56,11,129.69955355588093
Eggcetra Breakfast Cafe,Surrey,49.0555806,-122.8054598,4.1,1,45685.71,2817.09,22.31,5,74.48602423419
Spice of Nepal,Surrey,49.13339,-122.84879,4.2,1,33814.29,3199.07,30.5,11,130.84560722283436
Shannon Donair,Surrey,49.1060982,-122.7353592,4.1,1,41200.0,2752.94,28.74,12,130.81335770163506
Pho Tau Bay,Surrey,49.19805,-122.81226,4.2,1,35141.18,5250.95,29.44,3,104.14714146091552
Indigo Cafe,Surrey,49.0635291,-122.7979894,5.0,1,50618.18,3231.69,23.25,2,234.57709191897231
Cabizerra Bistro,Surrey,49.1987463,-122.8134292,4.8,1,35141.18,5250.95,29.44,3,26.01090412680602
Sushi King George,Surrey,49.19047078350401,-122.84500166127094,3.7,0,36566.67,7091.18,46.26,9,131.168390109421
Mek's Delight,Surrey,49.1912982626951,-122.808646894991,3.9,0,35144.44,7142.91,29.61,3,17.19629891125081
Crispy Falafel,Surrey,49.04591481291062,-122.79334246655924,3.8,0,40690.91,3365.16,22.42,7,81.82157169607915
Panorama Indian Lounge,Surrey,49.10478,-122.80338,4.9,1,47200.0,3181.72,27.34,10,191.69891200480723
Sushi California - Surrey,Surrey,49.1893963,-122.7993351,3.9,0,35863.64,6462.05,29.17,15,112.07740224101984
Pho Tau Bay,Surrey,49.135731,-122.844616,3.5,0,35366.67,3495.03,28.17,14,146.30756159550725
Waffle House Diner,Surrey,49.18125961964888,-122.84355514110403,4.1,1,35423.53,5692.57,40.61,7,105.09497580583353
Isshin Sushi,Surrey,49.10468,-122.79806,3.8,0,47100.0,4730.17,27.24,7,137.8857152193985
Tap & Barrel,Surrey,49.05963809908623,-122.8018875,3.4,0,49422.22,3260.67,25.0,5,169.8301635767134
Trees Cheesecake and Organic Coffee,Surrey,49.189991644148385,-122.850168,4.2,1,34911.11,5870.56,45.63,9,67.8166146978616
Tasty Donair,Surrey,49.133938,-122.842573,4.3,1,35371.43,3494.2,28.85,13,59.6569772786451
Sri Periyava Dosa Bhavan,Surrey,49.1586589,-122.8902128,4.5,1,34953.85,4501.39,32.0,3,66.30953742861517
Shawarma Palace,Surrey,49.134277,-122.844497,4.0,1,35384.62,3374.78,28.23,14,67.33731751980183
Planet India,Surrey,49.13379,-122.83907,3.8,0,34612.5,4943.86,29.89,9,16.67935440668351
Pho Hong,Surrey,49.190289,-122.841347,3.4,0,36600.0,7023.69,45.48,4,133.29691746257984
Tokyo Mithaiwala,Surrey,49.147777821579545,-122.8639529,4.4,1,29485.71,1550.05,35.84,11,295.5413918351682
Pho Hillton Restaurant,Surrey,49.1253645,-122.7059121,4.1,1,48023.53,4622.09,27.92,5,12.238261822145162
Barcelos Flame Grilled Chicken,Surrey,49.14042,-122.84594,4.4,1,32690.91,3485.68,31.75,2,38.95887902735732
YL's Curry Bowl,Surrey,49.18444,-122.79879,4.0,1,36390.91,5654.79,27.35,14,142.9571716193311
Hanaya Japanese Restaurant,Surrey,49.05326,-122.80091,4.0,1,44825.0,2830.48,22.12,3,14.07304772550091
Coast & Country Diner,Surrey,49.103936,-122.734543,3.7,0,41200.0,2715.79,29.23,12,252.82390168319446
Nordel Sushi,Surrey,49.1609149,-122.8885017,3.3,0,34563.64,3792.44,31.75,4,128.00459680704714
Golden Samosa Bakery,Surrey,49.162635078126854,-122.88879025997797,4.1,1,34816.67,3835.78,31.73,3,97.47328690089535
Mr Pickwick's Fish & Chips,Surrey,49.1762299,-122.86547,3.2,0,31930.43,5126.94,36.77,1,126.9284550064543
Sushi Mori,Surrey,49.0457580108793,-122.7973473,3.4,0,39072.73,3339.77,18.5,7,54.13853932152376
A&W,Surrey,49.10405219,-122.79790578,3.1,0,46266.67,4326.94,27.49,7,144.89442484110722
Tommies Jerk,Surrey,49.10037,-122.72386,4.7,1,42000.0,777.25,24.13,0,279.9415799645721
Roadhouse Grille,Surrey,49.03426,-122.78006,3.4,0,42276.92,2609.74,22.23,0,151.88364471282816
Pho Newton,Surrey,49.1392040260342,-122.843214712932,3.6,0,34428.57,3821.42,30.89,7,159.0498812630946
Chefs Kebab,Surrey,49.1551446,-122.7729754,4.2,1,39600.0,4855.74,25.2,3,76.54040551747883
Miltomates Taqueria,Surrey,49.17736,-122.69072,4.6,1,38400.0,67.7,22.8,0,112.9262842104211
Spice Republic,Surrey,49.045924927730695,-122.78219595551492,4.6,1,42200.0,3923.74,24.4,9,53.80238900811736
German Doner Kebab,Surrey,49.1624186,-122.7912586,3.8,0,35882.35,4332.36,27.12,0,32.6705191560899
Michael's Artisan Bakery & Cafe,Surrey,49.045213,-122.790789,4.1,1,41418.18,3579.64,23.76,6,51.63346871858141
Delta Pizza,Surrey,49.15558,-122.86452,3.9,0,30400.0,854.01,34.56,2,242.87724617850782
Vegan Supply Surrey,Surrey,49.059709,-122.833843,4.3,1,46933.33,960.58,16.65,1,780.4207292842151
Triple O's,Surrey,49.1188100133453,-122.824546694756,4.0,1,38584.62,4841.68,34.35,2,68.04949972825835
Aka Sushi,Surrey,49.11859,-122.71199,4.0,1,45771.43,4008.06,24.55,0,10.291682459033197
Ustaad G76 Indian Cuisine Newton,Surrey,49.14112,-122.86246,4.4,1,31044.44,2286.15,35.45,2,24.10955647728107
Red Robin Gourmet Burgers and Brews,Surrey,49.18838300274452,-122.80139260276438,3.6,0,35895.24,6986.41,28.96,17,23.050767764459728
The Keg Steakhouse + Bar,Surrey,49.14734458968876,-122.88976,3.8,0,33730.0,6426.82,32.57,2,124.622514873382
Barcelos Flame Grilled Chicken,Surrey,49.1643965580191,-122.876819808461,4.0,1,31820.0,1945.32,35.62,0,135.40579608033966
Excellent Ice,Surrey,49.1016051,-122.8070208,3.3,0,46560.0,2979.6,28.08,4,422.401768059251
Inchin's Bamboo Garden,Surrey,49.1576095498803,-122.78016631960192,3.7,0,37736.84,5374.39,25.1,11,131.32625029823498
West Village Cafe,Surrey,49.1047524116854,-122.799629199329,3.6,0,46866.67,2709.17,28.18,9,53.48249021069513
Nando's Peri-Peri,Surrey,49.18567392600471,-122.80140250244676,3.9,0,36610.0,5997.34,27.49,15,26.647138617000213
Elvis Pizza,Surrey,49.1913399,-122.80825,3.8,0,35273.68,6945.35,29.6,3,42.0834467359757
Satya Asha,Surrey,49.13371,-122.86738,4.4,1,30223.53,5715.08,36.35,1,56.06434701420066
Lee Gar Nei,Surrey,49.1856150038833,-122.799098426308,4.0,1,36390.48,5772.43,27.58,16,141.13318936513778
Dhaliwal's Lounge,Surrey,49.146859,-122.86557,4.5,1,30028.57,1684.04,35.37,10,202.14605724535022
Neptune Wonton Noodle,Surrey,49.1865774185184,-122.84743837116434,3.3,0,35290.91,7614.22,43.96,10,244.15276172171184
Basant Sweet House,Surrey,49.1509914,-122.8677853,4.1,1,30200.0,1142.8,33.97,11,10.058865532387712
Nagoya Sushi,Surrey,49.16978,-122.81251,4.0,1,35000.0,3405.57,30.51,0,24.087389463215423
Pakwan,Surrey,49.1406884,-122.8611251,4.1,1,31177.78,2266.59,35.53,1,47.14705191676754
Sundance Seafoods,Surrey,49.1038818,-122.7412026,3.9,0,42733.33,2642.18,29.41,6,125.17040551398031
Banana Leaf,Surrey,49.0597947797082,-122.8040599822998,4.1,1,50100.0,3338.72,25.36,6,245.7972864702748
Non Stop,Surrey,49.10497133807061,-122.80499545767236,4.6,1,47200.0,3181.72,27.34,8,303.3185807388427
Mama Moon Korean Food,Surrey,49.15687338090442,-122.7817113748807,5.0,1,37722.22,5588.86,24.89,11,160.86493310018056
Nando's Peri-Peri,Surrey,49.136274674727275,-122.889191188763,3.7,0,32411.76,5048.79,32.75,7,84.1718521222431
Neptune Palace Seafood Restaurant,Surrey,49.18693877584426,-122.8461404527314,3.1,0,35761.9,7598.55,44.49,11,157.73040035714334
Chubby Banh Mi & Bubble Tea,Surrey,49.18827213321161,-122.80040636441812,4.8,1,36123.81,6308.0,29.0,16,51.960232593077556
Curry and Kabab,Surrey,49.139158,-122.88943,4.8,1,32756.52,5379.07,31.89,5,116.22143752890493
Nemesis Coffee,Surrey,49.18869551177476,-122.851585,3.9,0,34885.71,6118.63,46.24,8,132.85531444411163
Republica Coffee Roasters Cloverdale,Surrey,49.105531,-122.734801,4.4,1,41200.0,2752.94,28.74,11,124.27135101781437
Guildford Sushi House,Surrey,49.19026,-122.8006,3.8,0,36104.76,7098.85,29.48,13,79.44656955436128
Bucky's West Coast Pizzeria,Surrey,49.0450856790467,-122.79105499999991,3.9,0,40680.0,3470.5,24.33,6,69.66101315956534
Belle's Cafe,Surrey,49.06049887855645,-122.83416005374684,4.3,1,46933.33,960.58,16.65,1,705.015330455436
Clover Ridge Pizza,Surrey,49.11117,-122.75684,4.7,1,48307.69,4321.08,22.81,0,66.14524712444957
Lazeez Pizza & Kabob House,Surrey,49.1664375,-122.8011312,4.8,1,35141.18,3951.48,29.46,3,80.28421030422626
Diamond Sweets Restaurant,Surrey,49.1585503,-122.7814484,3.4,0,37611.11,5424.27,25.28,11,28.552152644578776
104 Sushi & Co,Surrey,49.19206,-122.75626,3.8,0,38560.0,2818.75,20.71,1,9.733815112526296
Denji Sushi,Surrey,49.1266,-122.70143,4.0,1,47882.35,4508.3,29.63,5,15.631788577062844
The Momo Grill,Surrey,49.15662339322941,-122.77830439018504,4.2,1,38037.5,5570.19,24.93,12,50.71480263397766
WayBack Brew,Surrey,49.1025466,-122.8049717,4.7,1,46742.86,2870.87,27.56,6,296.17530760962507
Gourmet Donuts & Coffee,Surrey,49.166135,-122.800206,4.3,1,35433.33,3827.69,29.29,3,62.86396893586797
Aggarwal Sweets,Surrey,49.151484,-122.865506,3.7,0,29600.0,992.65,35.18,12,176.14413616304972
Major Joy Flavoured Chicken,Surrey,49.161852,-122.847069,4.2,1,31733.33,3606.34,35.44,0,79.03811410520811
Kami Sushi,Surrey,49.04206,-122.77977,4.1,1,40360.0,2808.23,26.9,7,156.49925400127339
Vlassis Souvlaki & Greek Taverna,Surrey,49.1849282,-122.8445654,3.4,0,35766.67,7623.43,44.05,8,59.28946525967475
A&W,Surrey,49.135975,-122.84515,4.1,1,34885.71,3533.86,27.68,14,102.71122551130463
Royal Oak,Surrey,49.16437,-122.79765,3.4,0,35611.11,4049.31,29.04,3,12.152722056821927
Apna Chaat House,Surrey,49.138979,-122.889138,3.7,0,32663.64,5375.16,32.0,5,145.3004244624742
Guildford Station Pub,Surrey,49.18759,-122.79506,3.4,0,36990.0,4921.09,28.28,11,376.88140267747207
Royal Paan,Surrey,49.1513744,-122.8678651,3.8,0,30200.0,1142.8,33.97,10,33.5460177294967
Earls Kitchen + Bar,Surrey,49.186991576535846,-122.8006520421916,3.1,0,36095.65,6804.97,28.82,18,5.555252132971239
Tastefully Yours By Jeff,Surrey,49.108505505388,-122.687351904905,4.9,1,46150.0,1850.66,27.05,0,332.1017487805118
Time To Grill,Surrey,49.14834,-122.84612,4.1,1,32040.0,3316.18,32.26,0,96.9200565805343
Woo Korean BBQ,Surrey,49.045274,-122.777548,3.4,0,43155.56,3222.3,27.8,10,58.821801326872176
Jamaican Mi Juicy,Surrey,49.18937137950188,-122.80200814695657,4.5,1,36123.81,7596.72,29.21,15,99.58881376787348
Pho Sunrise,Surrey,49.0467546085111,-122.798343610731,3.9,0,38860.0,3164.26,19.05,4,118.66240493096434
Browns Socialhouse Surrey Centre,Surrey,49.1787658,-122.8446819417162,3.3,0,35112.5,6464.08,40.27,6,124.08032922026368
Hi Sushi,Surrey,49.06333,-122.79817,3.5,0,50618.18,3231.69,23.25,3,230.24089335596807
Spice Kings Bistro,Surrey,49.10466,-122.79836,3.5,0,47100.0,4730.17,27.24,8,116.524147564637
De Dutch,Surrey,49.10439711326506,-122.73461241633528,3.8,0,41200.0,2752.94,28.74,12,212.75907103819378
Fast Donair and Falafel,Surrey,49.1266,-122.70143,4.4,1,47882.35,4508.3,29.63,5,15.631788577062844
Galini Greek Kouzina & Grill,Surrey,49.11592029463198,-122.6831337,3.5,0,46100.0,3401.33,30.72,3,87.04325928686053
Blaze Pizza,Surrey,49.04646,-122.77517,3.8,0,43280.0,3218.35,29.07,7,100.99295902145877
Sushi Street,Surrey,49.18146155882584,-122.84374341103596,4.9,1,35423.53,5692.57,40.61,7,115.84571330829199
New Town Bakery & Restaurant,Surrey,49.18996,-122.84739,3.7,0,35770.0,7038.85,45.23,11,33.02909295936843
Kaffina Coffee,Surrey,49.056098987177705,-122.80476269500356,4.3,1,48000.0,3077.56,21.92,7,120.26837688585277
Asian Noodle Island,Surrey,49.15725,-122.77954,3.6,0,37722.22,5419.83,25.07,11,74.52518409638432
Espresso Cafe,Surrey,49.1358431633489,-122.842942251523,4.2,1,34625.0,3702.34,28.52,12,233.1488973693493
Ming Yan Seafood Restaurant,Surrey,49.06094,-122.8119,3.4,0,48000.0,3106.76,23.98,0,68.07031811581668
Spent Grounds,Surrey,49.05269,-122.69305,4.5,1,,24.2,24.39,2,107.50384739182148
Sahota's Live Grill,Surrey,49.1399565,-122.88953034710508,3.0,0,32670.0,5530.59,32.94,5,73.47636585597482
Starbucks,Surrey,49.1043053,-122.7393799,4.5,1,42057.14,2721.72,28.62,11,15.941621268478526
Leaf Tea,Surrey,49.031406,-122.800901,4.4,1,41107.69,6167.51,13.94,2,48.712795630953444
Sunflower Cafe,Surrey,49.0529,-122.88078,3.5,0,51600.0,1141.64,14.72,2,35.15011937330682
Esquires Coffee Houses,Surrey,49.0534321549938,-122.866933198804,4.8,1,47680.0,1029.12,14.03,0,50.745016549029366
One Up Cafe,Surrey,49.052514655481474,-122.69238283862305,4.3,1,,24.2,24.39,2,56.555040889589044
Hada Coffee,Surrey,49.04522485482325,-122.79083906123364,5.0,1,41418.18,3579.64,23.76,6,50.73515137765731
Morrison Cafe,Surrey,49.0318189952192,-122.865655588054,3.1,0,48981.82,2169.51,14.87,2,118.91753710649786
No. 24 Cafe & Bistro,Surrey,49.046929,-122.796333,3.2,0,38822.22,3137.87,20.08,7,177.49058506113394
Grizzly Cafe,Surrey,49.18834,-122.79658,5.0,1,36715.79,5304.45,29.13,15,312.4607806919845
Fresh Cup Roastery Café,Surrey,49.02017,-122.77079,3.0,0,46400.0,1714.33,17.67,0,509.49271863556214
O My Tea Cafe,Surrey,49.1265133655402,-122.701191902161,3.8,0,47733.33,4456.7,29.28,5,35.32268463648998
Danica's Bistro,Surrey,49.03728,-122.80147,5.0,1,39152.94,4433.64,15.86,2,59.00322663261534
I’Aromas Coffee,Surrey,49.0315246289681,-122.865031957181,3.7,0,47381.82,2369.85,14.75,2,145.2629419193207
Islands Café,Surrey,49.0463,-122.77771,2.8,0,43050.0,4736.15,24.51,11,102.3454520289261
Connect Cafe,Surrey,49.123028,-122.798804,0.0,0,36228.57,4987.81,33.05,0,174.2844657825433
Cafe Rosen,Surrey,49.1918952,-122.7563062,3.3,0,39300.0,2719.72,19.72,1,11.819495644266459
Captain's Nook,Surrey,49.13348,-122.84976,0.0,0,33506.67,3217.47,30.69,9,119.12862037672231
Sweet Revenge Bakery & Cafe,Surrey,49.1192969898668,-122.6808413,2.9,0,47800.0,4866.18,30.83,2,27.854891380150157
Training Day Cafe - Fleetwood,Surrey,49.15938,-122.7792,3.0,0,37862.5,5462.06,25.72,11,120.3697485378222
Infinity Cafe,Surrey,49.18577,-122.80034,3.0,0,36390.48,5772.43,27.58,17,52.949643090062764
A-OK Cafe,Surrey,49.19015625801814,-122.80341838465576,3.0,0,36123.81,7596.72,29.21,11,133.10436562793458
Butterfly Play Cafe,Surrey,49.032076779395325,-122.86546727070366,0.0,0,49166.67,2202.27,14.96,2,115.07207616558641
Heavenly Dessert,Surrey,49.04692704847459,-122.78438487890136,2.3,0,42400.0,4051.93,24.13,5,159.343651011535
Shanghai River,Richmond,49.17074,-123.13848,3.9,0,29705.88,8964.1,36.65,41,94.69010153844181
Pho 37,Richmond,49.18745763639007,-123.12396731089822,4.3,1,32628.57,5196.41,44.17,19,97.69226687430947
Memory Corner,Richmond,49.179073,-123.124947,3.8,0,32050.0,5117.0,38.24,42,16.75489622846612
Shoestring Cafe,Richmond,49.17987407755384,-123.0695583361763,4.6,1,,,,1,36.319257500006984
Saku,Richmond,49.17796089351495,-123.12290053186616,4.5,1,31688.89,5054.55,37.83,29,104.16735366662837
Katsu San,Richmond,49.169982779066,-123.181773349643,4.5,1,34033.33,2769.24,23.14,1,47.16569470916737
Nobi Nobi,Richmond,49.133102,-123.098042,4.5,1,37828.57,4089.25,25.57,4,128.7567429234775
Yin Ji Chang Fen,Richmond,49.17786599999999,-123.1294224,4.3,1,30600.0,5724.97,41.37,50,118.40497434107759
The Fish Man,Richmond,49.1784663,-123.1302516,4.2,1,30875.0,5461.97,41.56,57,207.43835406370792
HK B.B.Q. Master,Richmond,49.17959228769049,-123.13782401377117,4.1,1,29750.0,4620.35,43.33,44,95.20520614987443
Ganbei Izakaya Japanese Restaurant,Richmond,49.179037334275435,-123.13536451346614,4.5,1,29750.0,4620.35,43.33,60,102.29343766267263
Hei Hei Rice Roll,Richmond,49.1700051,-123.1330234,4.5,1,30231.58,9843.9,36.09,39,149.74420659444021
Richmond Night Market,Richmond,49.19241,-123.13317,3.5,0,30600.0,3281.1,54.73,7,173.0372115215805
The Story Cafe,Richmond,49.19359319408656,-123.1279178,4.1,1,32350.0,3079.27,44.64,9,149.51375890050159
Wasuta Pasta,Richmond,49.17738842937801,-123.14447488635778,4.1,1,31900.0,6246.41,47.19,5,413.32063783799634
Jing Tan Grill House,Richmond,49.1709073,-123.1396819,3.9,0,29462.5,7985.53,38.17,36,40.35446963848035
Dinesty Dumpling House,Richmond,49.17337272804199,-123.14636050013584,3.8,0,29600.0,5868.75,39.61,5,68.75174328582969
Kirin Seafood Restaurant,Richmond,49.16991,-123.13753,3.8,0,29833.33,9089.32,36.74,43,45.596118734407746
Haidilao Hotpot - Richmond,Richmond,49.17043,-123.13633,4.4,1,29833.33,9089.32,36.74,42,75.55868645193678
Micha,Richmond,49.17810985583113,-123.12536802209044,4.3,1,31555.56,5480.9,38.92,38,85.56378737684886
Excellent Tofu & Snacks,Richmond,49.18257600567325,-123.13418552693622,4.2,1,30700.0,3407.08,48.72,58,189.6972761894852
Tsujiri Richmond,Richmond,49.17769,-123.12159,3.8,0,31688.89,5054.55,37.83,25,186.81257365217127
Little Ongpin,Richmond,49.1839382198809,-123.09209239378856,3.7,0,35107.69,3147.72,26.24,4,48.59523265917703
Lamajoun,Richmond,49.1967128,-123.0952077,4.7,1,37600.0,918.67,37.81,1,442.46546117349465
Loon Fong Hotpot,Richmond,49.1808426,-123.1350676,4.5,1,29750.0,4620.35,43.33,61,136.89267675420925
Sushi Hachi Japanese Restaurant,Richmond,49.18412,-123.1263,4.3,1,32250.0,4056.41,43.68,20,52.103728952772784
Uno Beef Noodle,Richmond,49.193218109957115,-123.12980856746434,4.4,1,31666.67,3529.54,47.86,10,148.1656837149169
Sweet Memory,Richmond,49.1795389,-123.1348249,4.2,1,29750.0,4620.35,43.33,61,131.73546110767643
CHOCHO Hot Pot - Richmond,Richmond,49.18399,-123.133644,4.3,1,30866.67,2403.59,49.47,53,69.29508088210089
The Shellfish Shack,Richmond,49.1779,-123.12756,4.6,1,31555.56,5480.9,38.92,43,85.71867040701176
Cha Kee,Richmond,49.18502334103488,-123.13397151341375,4.3,1,30866.67,2403.59,49.47,50,57.16928685728267
Milltown Bar & Grill,Vancouver,49.20252886744793,-123.14447800395358,3.9,0,37288.89,4753.39,30.97,0,436.49420907151784
Good Nine Korean BBQ,Richmond,49.1788992,-123.1317905,4.4,1,30875.0,5461.97,41.56,70,325.2225749095726
Rice Holic,Richmond,49.18324601236517,-123.12660701572896,4.3,1,32250.0,4056.41,43.68,20,148.24764378722955
Eggette House,Richmond,49.1698182955669,-123.13311645682064,4.2,1,30231.58,9843.9,36.09,39,167.97361338360642
Daan Korean Cuisine,Richmond,49.1553651,-123.124776,4.0,1,32618.18,7584.14,25.74,5,56.22057173339036
Big Way Hot Pot,Richmond,49.178096035517456,-123.13579502209046,4.2,1,29514.29,5540.4,40.65,52,64.46964316349163
No 9 Restaurant 九記餐廳,Richmond,49.17534412787543,-123.13432097116336,2.9,0,29490.91,6519.45,39.95,40,159.03393706581173
Daddy's Grill,Richmond,49.1842679432228,-123.091404421526,4.4,1,35107.69,3147.72,26.24,4,16.273891909081353
The Seoulful,Richmond,49.17765451203597,-123.13494901958252,4.3,1,29514.29,5540.4,40.65,49,112.29810625509383
G-men Ramen,Richmond,49.1784915815574,-123.129821190468,3.9,0,31420.0,5609.92,41.27,55,187.39678678713182
Hello Nori,Richmond,49.16699017514505,-123.13932171016994,4.6,1,31515.38,10235.21,30.3,32,76.28499394679831
Village Sushi Bar,Richmond,49.1186027526855,-123.158828735352,4.4,1,46800.0,6499.02,18.31,2,703.7446787933658
Uno Beef Noodle,Richmond,49.1536725,-123.1575427,4.7,1,29810.53,4088.96,24.13,2,107.58337188573833
Yue Restaurant,Richmond,49.1785842092147,-123.13144294511,3.9,0,30875.0,5461.97,41.56,64,284.8025391461959
Mr Bro Korean Bistro & Izakaya,Richmond,49.17817691704061,-123.12766199013662,4.2,1,31555.56,5480.9,38.92,42,111.26026393604843
Paul's Kitchen,Richmond,49.1794257,-123.1378312,4.3,1,29750.0,4620.35,43.33,45,85.98608370473393
McDonald's,Richmond,49.161632939461,-123.13589096593,2.6,0,31935.29,10234.43,26.95,13,41.418451397936074
Uncle Fatih's Pizza,Richmond,49.1674673678541,-123.13528639787346,4.7,1,30658.33,11527.24,30.97,49,37.139181558511055
Bánh Mì Très Bon - Richmond,Richmond,49.177852,-123.120688,3.8,0,32000.0,5079.18,37.02,21,129.07627478859314
Tang Vietnamese Restaurant & Bar,Richmond,49.17853,-123.12748,3.9,0,31555.56,5480.9,38.92,43,152.68494749787473
Flying Beaver Bar,Richmond,49.1772983187968,-123.168243032169,3.6,0,38700.0,3508.28,24.75,3,103.38309957236926
Davie Dosa Company,Richmond,49.191663,-123.108408,4.2,1,34620.0,2828.89,25.99,2,44.814571615359306
The Dolar Shop - Richmond,Richmond,49.1752620984987,-123.134143498425,4.1,1,29490.91,6519.45,39.95,41,167.6961929201928
Anar Persian Cuisine,Richmond,49.126005707547115,-123.18602444109764,4.5,1,44840.0,3696.93,16.66,14,48.79432804088834
Cha Don,Richmond,49.18085294842844,-123.1350690443588,4.3,1,29750.0,4620.35,43.33,61,137.58051410982736
Hủ Tiếu Hồng Phát,Richmond,49.172395,-123.132772,4.2,1,29847.06,6388.16,38.39,36,124.81951201917572
Lao Shan Dong,Richmond,49.166887886307464,-123.1360656,4.3,1,31000.0,11811.33,30.55,44,52.206225803491456
Sector 7 Kitchen + Bar,Richmond,49.144842,-123.092344,4.4,1,38000.0,2399.24,28.42,0,35.81307304633212
Maruhachi Ra-men,Richmond,49.1931432,-123.12912327116392,4.2,1,31666.67,3529.54,47.86,10,172.8756354379397
Matsuyama Japanese Restaurant,Richmond,49.1781781,-123.1291034,3.5,0,30763.64,5710.95,41.04,50,127.85648613601339
Baan Lao Fine Thai Cuisine,Richmond,49.1231936660221,-123.17862000293508,4.7,1,45018.18,3923.21,16.21,11,234.8270605904204
Steveston Pizza Company,Richmond,49.1250589553541,-123.185554660698,4.2,1,45527.27,3850.48,16.16,14,147.60671288978
Afghan Chopan Restaurant,Richmond,49.16996743188082,-123.13302061349331,4.3,1,30231.58,9843.9,36.09,39,152.0996787628558
Sushi Lovers,Richmond,49.16481839999999,-123.1353889,4.2,1,31729.03,11872.85,29.12,22,51.04182710175061
The Meat Up,Richmond,49.18744272226196,-123.13320155581869,3.1,0,30866.67,2403.59,49.47,32,50.57108922385464
Tasty BBQ & Beer Bar,Richmond,49.1704103831219,-123.139365499351,3.9,0,29705.88,8144.86,38.47,40,32.95680040921695
R & H Chinese Food,Richmond,49.17571487673434,-123.13191884109996,4.0,1,29550.0,5670.48,39.41,45,211.86796066008083
Sura Korean BBQ,Richmond,49.183364007189134,-123.13371992699436,3.7,0,30700.0,3407.08,48.72,57,139.05409489974426
Gyu-Kaku Japanese BBQ,Richmond,49.1774949,-123.1372648,3.7,0,29466.67,5393.95,41.45,40,62.39336365346924
Xiaolongkan Hotpot,Richmond,49.1782151,-123.1313324,4.2,1,30133.33,5576.31,41.29,62,257.9928629312199
Kisamos Greek Taverna,Richmond,49.12509627500716,-123.18535791349962,3.8,0,45527.27,3850.48,16.16,14,141.16380121711268
Free Bird,Richmond,49.1703878761325,-123.144849725068,3.4,0,28586.67,6793.51,37.89,9,20.674118688813664
Xi'an Cuisine,Richmond,49.1700051,-123.1331254,4.0,1,30231.58,9843.9,36.09,39,155.78377387204515
CHJ Bistro,Richmond,49.12444302250127,-123.1840632433298,4.4,1,44080.0,3869.19,16.24,15,215.36492186429592
Fisherman's Terrace Seafood Restaurant,Richmond,49.18408,-123.13404,3.7,0,30866.67,2403.59,49.47,52,70.12668088838053
Elysium Korean Bistro & Restaurant,Richmond,49.177764,-123.130669,4.3,1,30133.33,5576.31,41.29,56,194.53134974787696
Kun's Omakase Bar,Richmond,49.12496,-123.18478,4.5,1,45527.27,3850.48,16.16,15,157.41324561388933
Bamboo Grove,Richmond,49.163311,-123.13637,3.4,0,31987.5,11456.1,28.24,21,27.201542233233756
Edokko Nigiri Sushi,Richmond,49.170506446971906,-123.181579,4.5,1,34033.33,2769.24,23.14,1,93.8205768918839
Cactus Club Cafe,Richmond,49.1663017272949,-123.136711120605,3.7,0,31866.67,11759.66,30.22,33,65.79740620621514
Chop Steakhouse & Bar,Richmond,49.1890367,-123.1120171,4.0,1,33883.33,3639.26,29.45,3,318.43043985860027
Japadog,Richmond,49.17513197931976,-123.13605273665104,4.0,1,29133.33,6247.96,39.29,33,45.1577217197061
Kam Ho Noodle Express,Richmond,49.1834951,-123.1268186,4.2,1,32250.0,4056.41,43.68,23,122.9075284002469
Hokkaido Ramen Santouka,Richmond,49.16855,-123.13573,4.1,1,30000.0,10142.77,34.91,47,25.516751225411223
Myth Szechuan Cuisine,Richmond,49.17200279999999,-123.1348273,4.4,1,29482.35,7175.94,36.75,40,127.44702648964454
Lido Restaurant,Richmond,49.18254316529722,-123.13415835841272,3.6,0,30700.0,3407.08,48.72,58,191.2759770412239
Rice Holic,Richmond,49.18100867081843,-123.13500877115877,4.1,1,29133.33,4046.08,45.82,61,152.73665650075355
Kitcho Izakaya,Richmond,49.18345422983689,-123.1249289799042,4.6,1,32250.0,4056.41,43.68,19,60.693580321074194
Shanghai Lao Wei Dao,Richmond,49.1834141,-123.1265226343586,4.3,1,32250.0,4056.41,43.68,20,129.26527463042186
The Canadian Brewhouse & Grill,Richmond,49.17762,-123.12371,3.4,0,31280.0,5408.67,38.55,32,46.74993220945475
Real Love BBQ Restaurant,Richmond,49.170506,-123.136991,4.4,1,29833.33,9089.32,36.74,43,34.561603108613674
Tasty Veggie Kitchen,Richmond,49.1820181,-123.1363892,5.0,1,29900.0,3402.03,46.29,52,49.08177841546527
Joy's Taiwanese Kitchen,Richmond,49.1819171,-123.1363782,3.9,0,29900.0,3402.03,46.29,53,59.01150917214461
Deer Garden Signatures,Richmond,49.1781340826239,-123.127494991174,3.6,0,31555.56,5480.9,38.92,43,111.14771798594498
Yunshang Rice Noodle House,Richmond,49.17138643949844,-123.13499887341528,4.2,1,29482.35,7175.94,36.75,39,153.88540774294614
Pho Capital,Richmond,49.17432292272627,-123.1480213,4.0,1,30666.67,5741.67,39.87,4,216.08489240733118
Sing Yee Chinese Restaurant,Richmond,49.1849605,-123.1282953,3.5,0,32250.0,4056.41,43.68,40,35.64595936508588
Chef Tony,Richmond,49.1805103,-123.1363684,3.7,0,29133.33,4046.08,45.82,58,54.427166703772656
Pho Anh Vu,Richmond,49.1778683,-123.1255409,4.1,1,31555.56,5480.9,38.92,39,90.32425899569316
Big Way Hot Pot - Ackroyd,Richmond,49.17128688916247,-123.13427523240796,4.5,1,29482.35,7175.94,36.75,40,193.8167295603374
Ajea Noodle,Richmond,49.18628236194649,-123.13332170674592,4.1,1,30866.67,2403.59,49.47,38,92.03968938619539
Ginger Indian Cuisine,Richmond,49.15413956143999,-123.1245297116645,3.7,0,32304.35,6825.57,24.71,5,122.30328145456173
Deer One Hotpot,Richmond,49.1647739,-123.13529292556576,4.3,1,31729.03,11872.85,29.12,22,43.65568664623555
The Food Court,Richmond,49.18205841389825,-123.13708365622584,2.9,0,29900.0,3402.03,46.29,50,42.00358592092833
Basil Leaf,Richmond,49.1840782,-123.1340408,4.5,1,30866.67,2403.59,49.47,52,70.32589783913845
75 West Coast Grill,Richmond,49.170509,-123.140563,3.8,0,29633.33,7928.77,37.0,25,39.687317622345624
Yuan's Garden Restaurant 隨園,Richmond,49.178968,-123.134826,3.9,0,30520.0,5215.61,41.9,60,141.8926922829308
Shanghai Morning,Richmond,49.18408,-123.13404,4.1,1,30866.67,2403.59,49.47,52,70.12668088838053
Continental Seafood Restaurant,Richmond,49.18391,-123.09426,3.7,0,34960.0,3004.8,25.89,4,158.58201149238826
Uncle Sal’s Shawarma ,Richmond,49.1548259,-123.124624,4.1,1,32438.1,7102.88,24.72,5,64.48169987822195
Toast to Coast Brunch Bar,Richmond,49.12506792735429,-123.18257461360062,4.3,1,44080.0,3869.19,16.24,15,122.62867961135244
The Apron,Richmond,49.19085129402266,-123.13391892507546,4.0,1,31500.0,3413.66,51.86,12,122.54515319373033
Uncle Lu,Richmond,49.18570262126169,-123.12860998281006,3.1,0,32250.0,4056.41,43.68,41,105.3590764868342
Samsoonie Noodle & Rice,Richmond,49.1707688466573,-123.133460687081,3.8,0,30044.44,9612.83,36.71,37,152.54633078816002
Mr. Black Restaurant,Richmond,49.18408,-123.13404,3.5,0,30866.67,2403.59,49.47,52,70.12668088838053
Dai Jang Kum,Richmond,49.19171513686156,-123.10970174603531,3.3,0,34466.67,2731.4,26.16,2,104.70787258024612
Prataman Express,Richmond,49.1809431,-123.13485711170809,4.7,1,29750.0,4620.35,43.33,61,155.76468393964362
Chicko Chicken,Richmond,49.1821791,-123.1358221,4.5,1,29900.0,3402.03,46.29,53,72.94681293876397
Sun Sui Wah Seafood Restaurant,Richmond,49.17807135336199,-123.13554115581708,3.5,0,29514.29,5540.4,40.65,52,78.39514730154531
That Year China,Richmond,49.18764614031523,-123.13016194850208,4.1,1,31880.0,3070.87,45.17,36,107.52590630236666
Chucila,Richmond,49.186975,-123.133181,4.3,1,30866.67,2403.59,49.47,37,83.41792544269245
Italian Tomato Restaurant,Richmond,49.19188,-123.1303,3.4,0,31666.67,3529.54,47.86,9,45.00379742086193
Gee! Taste Good,Richmond,49.1841202,-123.126297,4.1,1,32250.0,4056.41,43.68,20,52.13272409226864
South Silk Road,Richmond,49.16999129457479,-123.14373193498352,4.3,1,29111.11,7116.63,37.23,13,27.551989852295502
Hao's Lamb Restaurant,Richmond,49.18270747319993,-123.13584083403973,4.2,1,29900.0,3402.03,46.29,49,77.2903522644583
Talay Thai Restaurant,Vancouver,49.210809,-123.140764,3.9,0,36125.93,5228.14,29.76,6,51.45733582829477
Goodbowl,Richmond,49.1778813548145,-123.122230321169,4.1,1,31688.89,5054.55,37.83,25,151.31736757534188
Myomi Sushi,Richmond,49.155012,-123.1258496,4.1,1,32626.09,7421.96,25.63,5,31.237099120858492
Parker Place Aberdeen Meat & B.B.Q,Richmond,49.1819617,-123.1364551,4.2,1,29900.0,3402.03,46.29,52,51.99928989970097
L A Chicken,Richmond,49.182917,-123.091874,4.0,1,35107.69,3147.72,26.24,4,41.388662903952564
Steveston Seafood House,Richmond,49.12541,-123.18167,3.8,0,43636.36,4101.06,17.01,15,46.692111719296314
Golden Paramount Seafood Restaurant,Richmond,49.16367,-123.13492,3.6,0,32012.12,12091.87,29.0,21,24.87189918566555
Long’s Noodle,Richmond,49.178717650366266,-123.12585876329906,4.3,1,31555.56,5480.9,38.92,39,85.11339045938193
Café Gloucester,Richmond,49.1785447,-123.1270782,4.2,1,31555.56,5480.9,38.92,42,165.4628348467806
Cha Don Yaohan,Richmond,49.18627009026677,-123.1333378,3.8,0,30866.67,2403.59,49.47,38,92.02027150804456
Top Shanghai Cuisine Restaurant,Richmond,49.171282,-123.135086,3.5,0,29482.35,7175.94,36.75,40,158.19140493644292
Ipoh Malay Cuisine,Vancouver,49.2042381,-123.1351332,3.4,0,36622.22,6087.65,34.47,2,82.50090522847164
Redbud Cafe,Richmond,49.1622807256808,-123.131702194383,3.1,0,32077.42,11848.27,28.7,13,93.03636848235514
KungFu Dumpling,Richmond,49.17050352459875,-123.13980376997527,4.3,1,29682.35,7786.51,37.64,38,23.548524850000025
Shawn’s Chicken,Richmond,49.18076176299525,-123.13463110276568,4.4,1,29750.0,4620.35,43.33,64,157.14687559737933
Sushi Bar Shu,Vancouver,49.2123904,-123.14068048650988,4.4,1,36321.43,5387.12,30.27,5,123.40310671791931
Daimanya,Richmond,49.18345,-123.13537,4.1,1,30700.0,3407.08,48.72,53,68.95730527381858
D Original Sausage Haus,Richmond,49.1262632,-123.1825342,4.8,1,45000.0,4072.93,16.91,15,78.97265272376758
Earls Kitchen + Bar,Richmond,49.1762654,-123.1318797,3.2,0,29923.08,6256.22,40.66,47,270.81401166272514
Sea Fortune Restaurant,Richmond,49.1619810150725,-123.131678165708,3.3,0,32242.42,10662.45,28.69,13,113.99091682746798
Keumsan Restaurant,Vancouver,49.21090651818306,-123.14073327907816,4.5,1,36125.93,5228.14,29.76,6,41.94962028150456
Mui Garden Restaurant,Richmond,49.17097613037639,-123.13941066161335,3.6,0,29462.5,7985.53,38.17,37,60.009439741252955
Happy Lamb Hot Pot,Richmond,49.1752314,-123.1365151,3.7,0,28872.73,6310.6,39.55,30,33.14771447416908
Kingspark Steak House,Richmond,49.1706999,-123.13233,2.6,0,30052.63,8164.26,36.57,32,71.21172294405255
Happy Day Cafe,Richmond,49.178094,-123.122693,3.1,0,31688.89,5054.55,37.83,28,122.40003845854041
Kam Tou Seafood Restaurant,Richmond,49.185102,-123.129532,4.0,1,31942.86,4077.83,44.86,45,73.33409279262935
Beijing Hot Pot,Richmond,49.1704542959521,-123.132980279624,3.8,0,30052.63,8164.26,36.57,38,123.7702160668199
Aya Beef Noodle House,Richmond,49.18731044705209,-123.1241674,3.9,0,32250.0,4056.41,43.68,20,102.31054055905193
Royal Beef,Richmond,49.1775009,-123.1215049,4.5,1,31688.89,5054.55,37.83,25,177.9774931327452
Bbq Chicken Lemon,Richmond,49.178466108370365,-123.12706600874664,4.3,1,31555.56,5480.9,38.92,42,158.18081931831233
Tsim Chai Noodle Restaurant 沾仔記,Richmond,49.17069,-123.13302,3.7,0,30052.63,8164.26,36.57,37,121.10598148929226
Thai Box Restaurant,Richmond,49.1699278,-123.1341584,4.0,1,30044.44,9612.83,36.71,42,165.7565681633442
Old Xian's Food,Richmond,49.1852876,-123.1290331,3.8,0,32250.0,4056.41,43.68,44,64.64592855436538
Miion Cafe,Richmond,49.16671947643551,-123.13518973514248,3.9,0,31000.0,11811.33,30.55,40,17.55264286110138
Pearl House Restaurant,Vancouver,49.21332820462317,-123.13993860036136,4.1,1,36221.43,5385.35,30.04,4,25.98717263128424
Lanxuan Restaurant 澜轩荟,Richmond,49.187733,-123.134627,3.9,0,30866.67,2403.59,49.47,30,68.12274733016007
Afghan Chopan Bakery & Diner,Richmond,49.1700051,-123.1331254,4.6,1,30231.58,9843.9,36.09,39,155.78377387204515
Tian Shi Fu No. 3 Restaurant,Richmond,49.169274,-123.13688,3.8,0,30150.0,9359.76,35.96,42,37.46147325307252
Westcoast Poke,Richmond,49.13223459520562,-123.09558136751669,3.9,0,37828.57,4089.25,25.57,4,127.46782599862132
YUAN’S HOT POT,Richmond,49.1831220296222,-123.133927292474,4.2,1,30700.0,3407.08,48.72,60,167.8834650837679
Captain Wa,Richmond,49.1698185,-123.1330757,3.8,0,30231.58,9843.9,36.09,39,165.7211458766944
Wo Fung Noodle Express,Richmond,49.16431799999999,-123.1352578,3.8,0,31729.03,11872.85,29.12,22,63.876107755179014
Happy Valley Village Restaurant,Richmond,49.1795301474565,-123.134718123603,4.0,1,29750.0,4620.35,43.33,61,139.22956697319682
One Cafe Parker Place,Richmond,49.18136052710395,-123.13591131104506,4.1,1,29900.0,3402.03,46.29,57,129.59013529165642
Kumo Sukiyaki,Richmond,49.163721,-123.134943,3.6,0,32012.12,12091.87,29.0,21,29.900574054404224
Taste of Zen,Richmond,49.13293,-123.12171,4.1,1,34100.0,3622.41,22.62,0,55.72685344682487
Mirchi Restaurant,Vancouver,49.21353,-123.13995,4.3,1,36000.0,5256.09,29.84,4,21.941499826372322
Basha,Richmond,49.166963,-123.1384921,3.9,0,31721.43,10579.22,30.3,34,128.81669178996566
Tsujiri,Richmond,49.170838,-123.0791316,4.5,1,32800.0,5404.9,24.97,0,655.7327718779358
A Bite of Shunde,Richmond,49.1789961,-123.1256196,4.0,1,31555.56,5480.9,38.92,43,62.42434705376016
Yummy Bao,Richmond,49.18208,-123.13639,3.9,0,29900.0,3402.03,46.29,51,43.59681122299541
Fogg 'n' Suds Restaurant & Beer Bar,Richmond,49.1844693,-123.1054142,3.4,0,34157.14,3867.28,28.92,1,97.1144523404936
Tsukiji Japanese Restaurant,Richmond,49.178615,-123.1248149,3.6,0,31555.56,5480.9,38.92,36,41.217556198645696
Happy Tree House BBQ,Richmond,49.1789476669097,-123.13367071167,3.2,0,30400.0,5367.22,41.04,70,225.79017695717474
Round Table Pizza,Richmond,49.15502603363286,-123.12585702070233,3.0,0,32626.09,7421.96,25.63,5,31.49150400461387
Chef Pin,Richmond,49.1784449,-123.1279635,4.8,1,31420.0,5609.92,41.27,42,136.36905306331445
Tokyo Joe Sushi,Richmond,49.172186088951655,-123.1336462733865,3.6,0,29522.22,6411.94,36.6,40,162.04950016392237
Liuyishou Hotpot Richmond,Richmond,49.17851127364,-123.125910800762,3.6,0,31555.56,5480.9,38.92,39,98.73284979400965
Sea Harbour Seafood Restaurant,Richmond,49.19632027137996,-123.12618234323168,3.1,0,35450.0,2509.85,45.63,5,75.72092241844317
Yang's Dumpling,Richmond,49.17759924520819,-123.1297096,3.4,0,30320.0,5701.66,40.97,49,122.61574456481935
Okome,Richmond,49.1332015,-123.1817932,4.2,1,42336.84,4221.8,18.52,0,30.623972917123883
Szechuan Delicious Restaurants,Richmond,49.1784849,-123.1317363,4.3,1,30875.0,5461.97,41.56,65,297.7167985957695
ManTung Cafe,Richmond,49.17777289814779,-123.1382369,4.0,1,29750.0,4620.35,43.33,40,127.12424981656763
SoyTalk,Richmond,49.1813728972946,-123.13589785248,3.5,0,29900.0,3402.03,46.29,57,128.87259792098456
Lulu Burger,Richmond,49.19241,-123.13317,4.5,1,30600.0,3281.1,54.73,7,173.0372115215805
Osmanthus,Richmond,49.184209849006095,-123.13357509035816,4.0,1,30866.67,2403.59,49.47,53,44.413844315512854
Silver Tower Cafe Restaurant,Richmond,49.1781781,-123.1291034,3.3,0,30763.64,5710.95,41.04,50,127.85648613601339
Ramen Takanotsume,Richmond,49.1841116494066,-123.133542872965,3.7,0,30866.67,2403.59,49.47,53,55.13226650408983
Yuu Japanese Tapas,Richmond,49.1854909156919,-123.129109648049,3.5,0,32250.0,4056.41,43.68,44,87.66467276811233
Yokai Tapas and Sake Bar,Richmond,49.166701563256446,-123.1348806,3.9,0,30700.0,11708.31,30.78,40,32.129140040843176
Breakfast Table,Richmond,49.12421940000001,-123.180964,4.2,1,44240.0,3963.53,16.21,15,110.35551727224023
Prata Man Restaurant,Richmond,49.18724,-123.12425,3.5,0,32250.0,4056.41,43.68,20,105.44606076795749
Pho 37,Richmond,49.18760978003641,-123.130159,4.6,1,31880.0,3070.87,45.17,36,108.23425713640295
LA Grill & Bistro,Richmond,49.1536432938359,-123.158798217773,3.3,0,29600.0,3920.29,24.19,2,18.403809121975996
Round Table Pizza,Richmond,49.15436908349,-123.157198331033,3.2,0,29666.67,4076.61,24.29,2,118.25693037288049
Double Double Restaurant 老油条,Richmond,49.18038,-123.13547,3.4,0,29750.0,4620.35,43.33,60,83.10803300529624
Cherry's Food House,Richmond,49.1781751,-123.1278816,4.0,1,31420.0,5609.92,41.27,42,107.32494690459777
Keelung Taiwanese Breakfast & Lunch,Richmond,49.1834141,-123.1265052,4.1,1,32250.0,4056.41,43.68,20,129.23041837966886
Baoguette Vietnamese Bistro,Richmond,49.179139,-123.13617,3.6,0,29750.0,4620.35,43.33,56,44.03935400071784
Star 6 Indian cuisine,Richmond,49.1799094,-123.0696283,5.0,1,,,,1,41.46219601316513
Sushi House,Richmond,49.1849636976398,-123.129516759984,3.1,0,31942.86,4077.83,44.86,45,65.52857380036386
Boy With a Knife Grill,Richmond,49.190947,-123.073984,3.6,0,36800.0,1669.2,26.56,0,60.14916080381493
Cloud 9 Delicacy,Richmond,49.18097074574548,-123.1349609785228,4.4,1,29133.33,4046.08,45.82,61,152.24393178320193
寻秦记·大明家 Finding Xi’an Restaurant,Richmond,49.1871879351723,-123.13169583678244,4.3,1,31150.0,2553.51,46.28,33,135.49591332212245
Max Noodle House,Richmond,49.17904244470185,-123.13236086737967,3.6,0,30971.43,6255.27,42.39,71,318.55226807041805
Himalaya Restaurant,Richmond,49.18427,-123.09185,3.2,0,35107.69,3147.72,26.24,4,16.330796119319384
Hainan Kitchen,Richmond,49.1553651,-123.1238682,3.3,0,32654.55,7248.77,24.91,5,109.38327577164206
Meetrice Noodle,Richmond,49.177903,-123.127564,4.0,1,31555.56,5480.9,38.92,43,85.87356596590446
Empire Seafood Restaurant,Richmond,49.170860309787,-123.1370628440032,3.3,0,29900.0,8872.56,36.87,44,65.41517271099924
The Buffet,Richmond,49.19638887138004,-123.12777981455396,2.4,0,36600.0,2368.64,48.51,5,132.33017794629245
Kumare Restaurant & Bakery,Richmond,49.1645551,-123.1347738,2.4,0,31729.03,11872.85,29.12,22,23.313801085892557
Nando's Peri-Peri,Richmond,49.17855951502775,-123.1217548,3.6,0,31500.0,5052.04,37.47,25,204.79589221473486
Pound Steak,Richmond,49.180101667930586,-123.13523758528444,4.0,1,29750.0,4620.35,43.33,65,90.48057761208113
Gordon Ramsay Steak,Richmond,49.19709365861781,-123.12741703210152,3.7,0,36600.0,2368.64,48.51,5,185.8975702256212
Parkhill Seafood Restaurant,Richmond,49.1704200996204,-123.137469291687,3.3,0,29833.33,9089.32,36.74,43,15.60452713630938
The Keg Steakhouse + Bar,Richmond,49.131389,-123.09284,3.2,0,37840.0,4636.66,25.78,4,64.91197378755768
Yah Yah Ya Ramen,Richmond,49.1874832,-123.128596,3.6,0,31942.86,3164.7,42.64,28,41.475590634589054
Vogue Cafe,Richmond,49.1246105,-123.1815107,4.7,1,43733.33,3807.65,16.21,15,103.5231764284716
Snowy Village Dessert Cafe,Richmond,49.1785932012866,-123.127934497921,3.7,0,31420.0,5609.92,41.27,42,152.98085450070346
Twinkle Cube Cafe,Richmond,49.1824873073973,-123.133310191333,3.1,0,30700.0,3407.08,48.72,66,236.14602862417118
Eggspectation,Richmond,49.1856414,-123.1084164,3.2,0,33836.36,4002.31,28.69,3,198.6201836250912
Night Owl Cafe,Richmond,49.18407,-123.12846,2.9,0,32250.0,4056.41,43.68,42,77.83477197343564
Enjoy Cafe 1 Plus1,Richmond,49.1708290571772,-123.13414408185102,3.1,0,30044.44,9612.83,36.71,41,198.95915145667377
Peaches,Richmond,49.1781063932489,-123.127360152108,3.5,0,31555.56,5480.9,38.92,43,112.83537107563505
Super Stars Cafe,Richmond,49.17951542639547,-123.1350582,3.1,0,29750.0,4620.35,43.33,61,117.72246173298285
Prunus,Richmond,49.16394,-123.13394,4.0,1,31739.39,12004.36,28.99,20,59.62797951676059
Bubble Waffle,Richmond,49.183871723875754,-123.13376631702836,3.4,0,30866.67,2403.59,49.47,55,83.85449360747282
Leisure Tea & Coffee,Richmond,49.1784663,-123.1303743,3.9,0,30875.0,5461.97,41.56,57,214.17037345832412
Lotus Cafe,Richmond,49.17852816864693,-123.1387529288356,4.3,1,29750.0,4620.35,43.33,37,156.82786312676632
Waves Coffee House,Richmond,49.17090010978671,-123.13681390292656,3.1,0,29900.0,8872.56,36.87,43,77.02627914719436
Tiny One,Richmond,49.18408,-123.13404,2.6,0,30866.67,2403.59,49.47,52,70.12668088838053
Minoru Senior Centre Cafeteria,Richmond,49.16309247137516,-123.14504224403164,4.2,1,31427.59,7751.82,26.84,0,38.90396615160557
Pierside Deli,Richmond,49.1239257298166,-123.184170174884,4.2,1,44080.0,3869.19,16.24,15,273.4006757586542
Red Dot Cafe,Richmond,49.1861496,-123.0807571,3.7,0,34285.71,4352.54,25.19,0,93.00178526910592
Yellow Dots Café,Richmond,49.19045,-123.13103,5.0,1,31666.67,3529.54,47.86,16,11.371264546512863
Air Canada Café - Gate C46,Richmond,49.1940680641228,-123.18097300559924,4.3,1,48000.0,45.6,23.81,4,41.61592117483946
Minute Cafe,Richmond,49.17065,-123.132686,0.0,0,30052.63,8164.26,36.57,35,97.65590114022577
Paper Planes Cafe,Richmond,49.195124802672815,-123.1788482,4.5,1,48000.0,45.6,23.81,4,75.34107138614681
Lan Fong Yuen 1952,Richmond,49.17557251897726,-123.13242606818676,1.0,0,29550.0,5670.48,39.41,45,186.3065777980352
Mango Mama Cafe,Richmond,49.18257822582507,-123.1341600423283,2.1,0,30700.0,3407.08,48.72,58,191.56568331974924
Artigiano,Richmond,49.197903,-123.140842,2.9,0,39333.33,6740.26,33.64,0,420.4195513548633
Sideslip Cafe,Richmond,49.1804886,-123.1654968,3.7,0,40000.0,8926.5,25.51,3,200.2791177409712
Lulu Island Cafe,Richmond,49.1293309,-123.0958579,4.0,1,38720.0,4176.7,24.55,4,151.9006608964443
Java U,Richmond,49.1929654688028,-123.182000044444,5.0,1,48000.0,45.6,23.81,3,93.77761391423803
Storeys Cafe,Richmond,49.1633019,-123.1351311,3.0,0,32070.59,12090.54,28.87,20,43.15659758831678
Joy G,Richmond,49.1784702726305,-123.130753040314,1.1,0,30875.0,5461.97,41.56,59,236.12648453768674
Galiano Cafe,Richmond,49.1806507736516,-123.170255156663,3.3,0,,,,3,107.41515609633208
Steveston Cafe & Hotel,Richmond,49.125397,-123.186121,3.5,0,44840.0,3696.93,16.66,14,109.34880424753631
Bubble Waffle Cafe,Richmond,49.183962,-123.133538,3.0,0,30866.67,2403.59,49.47,53,71.74959361319269
The London Cafe,Richmond,49.1242662,-123.1006241,4.0,1,,,,0,101.24798095515841
Wonder Kids,Richmond,49.174377,-123.148088,0.0,0,30666.67,5741.67,39.87,3,217.50853283138107
Nonbiri Cafe,Richmond,49.16666,-123.13627,3.0,0,31344.83,11821.85,30.28,39,41.50294649884488
Green Bean Café,Richmond,49.1947594,-123.1762466,1.6,0,48000.0,45.6,23.81,4,130.32809921803107
Steveston Harbour Cafe,Richmond,49.11922535111521,-123.16411152106949,5.0,1,47733.33,6432.47,17.22,2,640.3859656661293
Bread Garden Urban Cafe,Richmond,49.1945454,-123.1747399,3.0,0,48000.0,45.6,23.81,3,240.28806065110723
Waves Coffee House,Richmond,49.1241798712256,-123.182890052597,3.0,0,43733.33,3807.65,16.21,15,204.34991262832665
Good Day Cafe,Richmond,49.12373338090104,-123.18364765582098,3.0,0,43733.33,3807.65,16.21,15,277.9887038046212
The Original Beanery,Vancouver,49.26370075470969,-123.23932143466445,3.8,0,37650.0,4676.41,35.84,0,240.9783497951547
Dspot Dessert Cafe,Richmond,49.13252607019409,-123.09275220762656,4.0,1,37840.0,4636.66,25.78,4,84.33207796965502
Carry Coffee,Richmond,49.1843898,-123.1363452,3.0,0,30133.33,3351.64,49.73,43,26.944401434009624
Danoo Cafe,Vancouver,49.2636908,-123.2081455,3.6,0,47323.53,3744.01,27.05,1,28.715530702070666
Bean & Beyond Cafe,Richmond,49.1249334289311,-123.181072287261,3.0,0,43280.0,4061.52,17.05,15,58.62822438726218
Bambada,Coquitlam,49.2775627,-122.8068851,4.6,1,38450.0,4912.68,28.7,7,19.184685666099128
Kook's Cooks,Coquitlam,49.24878,-122.83612,4.4,1,43766.67,2693.99,22.92,0,26.041047304580765
Gigi’s,Coquitlam,49.27396778962247,-122.7964144,4.0,1,37700.0,4818.32,29.97,11,203.49587259578158
Ma Now Thai Kitchen,Coquitlam,49.28225,-122.79859185474892,4.3,1,36093.33,7272.84,28.72,34,167.52053744180432
HAAN Korean,Coquitlam,49.27459,-122.79247,3.8,0,37022.22,5757.08,32.58,13,54.02767467237238
Memory Corner,Coquitlam,49.245147,-122.892226,3.8,0,37828.57,4496.36,36.55,30,36.66344993641518
Tsuki,Coquitlam,49.26263310454177,-122.83911564391256,5.0,1,45422.22,2021.37,20.45,3,117.59017997125535
The Coquitlam Grill,Coquitlam,49.27856376513119,-122.81436106069664,3.9,0,43461.54,3411.93,22.49,5,236.72925490164872
Singapore Hawker,Coquitlam,49.2836123,-122.7982817,4.0,1,36650.0,5892.83,27.75,22,161.93697669348407
Shio Japanese Kitchen,Coquitlam,49.282376,-122.7964,4.1,1,35823.53,6071.16,28.19,34,46.33488117334619
Hansol Korean,Coquitlam,49.2833333,-122.8095431,4.6,1,39850.0,4735.45,27.12,3,41.84883641047979
The Golden Boot,Coquitlam,49.249515,-122.8658428,3.9,0,39050.0,3005.34,27.25,18,50.51491779240074
Pasargad,Coquitlam,49.2785348,-122.8188282,4.3,1,46566.67,3008.56,23.95,2,76.48910486178298
Giancarlo Italian Deli,Coquitlam,49.24927,-122.86102,3.9,0,39811.76,3574.64,27.37,22,56.73419936710338
Lazzez's Grill Indian Cuisine,Coquitlam,49.27743,-122.80492,4.3,1,38216.67,4481.77,29.77,9,131.0929589012472
Makchang Dodook,Coquitlam,49.2486594,-122.8587548,5.0,1,39311.11,3830.66,27.58,16,43.828446008613376
Lee Garden Seafood,Coquitlam,49.27990520310704,-122.79285998404173,4.2,1,36653.33,6706.61,29.12,36,53.79817696925749
Woody's On Brunette,Coquitlam,49.23757,-122.87021,3.5,0,41933.33,3410.69,28.75,6,90.74575383917282
Cactus Club Cafe,Coquitlam,49.23306607674114,-122.85075084472224,4.0,1,42628.57,819.42,25.14,9,110.22918080903489
Jimoco Cafe & Pasta,Coquitlam,49.248787,-122.863927,3.9,0,39623.53,3862.59,27.85,22,99.60613236589614
The Keg Steakhouse + Bar,Coquitlam,49.27798957201443,-122.79372942511934,3.8,0,36357.14,6786.72,29.28,31,145.28462135248174
Nice Meating You BBQ,Coquitlam,49.26101,-122.89124,3.8,0,39423.53,5388.09,39.96,7,67.32657246236076
Ramengers Feat. Smoking pig,Coquitlam,49.2386215122336,-122.86375656724,3.9,0,41400.0,3469.08,28.83,2,57.764745340875265
Pho Holiday,Coquitlam,49.24880778894382,-122.8631980544926,4.1,1,39450.0,3810.34,27.79,22,50.72861542819259
OZ Korean Cuisine,Coquitlam,49.282471094178,-122.793583392269,4.0,1,36487.5,6181.9,28.59,35,44.33007305429848
Hakone Sushi Bar,Coquitlam,49.28224,-122.79587,4.2,1,35887.5,6061.08,28.36,36,44.41259440559238
Austin Heights Pizza,Coquitlam,49.24868,-122.86022,4.2,1,39311.11,3830.66,27.58,18,100.58642771163721
Vesuvio Pizzeria,Coquitlam,49.2836918987524,-122.80991088599,4.5,1,39926.32,5032.12,27.18,3,41.191807895045
Ding Hao Noodle House,Coquitlam,49.278788895755625,-122.8070915324994,3.9,0,37800.0,4998.69,28.89,6,93.63222593531174
GoGo Chicken & BBQ,Coquitlam,49.282972,-122.796674,4.4,1,35922.22,6054.92,28.07,33,26.384254793606942
A&W,Coquitlam,49.26256,-122.83835104,3.2,0,45422.22,2021.37,20.45,3,101.10241656896395
Urban Gate,Coquitlam,49.28222,-122.7962049,3.1,0,35887.5,6061.08,28.36,35,56.581196548313166
Beanery Coffeehouse & Eatery,Coquitlam,49.3004890916425,-122.820143082062,4.5,1,38600.0,2551.3,19.3,0,32.886628692957196
Gordon Ramsay Burger,Coquitlam,49.227207,-122.837006,3.2,0,43200.0,386.3,23.87,2,171.9149208603945
Kang’s Kitchen,Coquitlam,49.2439399,-122.8901613,4.2,1,37828.57,4496.36,36.55,28,132.0495934420514
Thai Chef,Burnaby,49.25411106371749,-122.89388632944176,4.0,1,38136.84,7484.91,40.21,11,72.34785417387495
Vesta Grill,Coquitlam,49.2774881,-122.7930624,4.3,1,36357.14,6786.72,29.28,25,193.00365347902962
Zhous Chinese Restaurant,Coquitlam,49.2626492660541,-122.839037613753,3.3,0,45422.22,2021.37,20.45,3,121.30973745267033
Happy Lamb Hot Pot,Coquitlam,49.28083,-122.79272,3.3,0,36905.88,5750.39,28.53,36,84.17034302444189
Chada Thai Fine Cuisine,Coquitlam,49.27777943404405,-122.794719444731,3.5,0,36357.14,6786.72,29.28,28,70.91214003575519
Ta Bom Korean Cuisine,Coquitlam,49.2486992,-122.8639442,3.7,0,39623.53,3862.59,27.85,22,104.2330390970971
Kosoo,Coquitlam,49.27876990755266,-122.79021307826042,3.4,0,37466.67,6660.41,30.22,21,33.906741633568124
Doppio Zero Pizza,Coquitlam,49.2635549,-122.847654,3.6,0,45600.0,2070.32,20.32,0,40.87567117216467
Cactus Club Cafe,Coquitlam,49.27983956123317,-122.79807752330964,3.5,0,36242.86,7307.03,29.01,38,253.36374641346646
Myung-Ga Mandu,Coquitlam,49.24390681364184,-122.89083114284756,3.9,0,37828.57,4496.36,36.55,28,128.36378276247638
Pizza Town & Indian Grill,Coquitlam,49.24993,-122.86431,3.9,0,39440.0,3766.88,27.56,22,155.22917349349552
Plateau Pizza,Coquitlam,49.29645485179912,-122.8035690031019,4.1,1,37242.86,3067.61,20.46,0,55.22752227421876
Big Way,Coquitlam,49.2798231361267,-122.7997276,4.2,1,36562.5,6228.84,29.66,27,133.88021948772706
Honjin Ramen,Coquitlam,49.2372447982538,-122.852997556329,3.8,0,42145.45,3022.71,26.91,11,374.30098930077776
Rogues Bar &  Grill,Coquitlam,49.3062789878786,-122.78926089406,3.9,0,33700.0,2192.65,22.3,0,29.109144176264667
Pizza One,Coquitlam,49.262742,-122.838984,3.3,0,45422.22,2021.37,20.45,3,111.47488328068273
Dookbaeki,Coquitlam,49.27759292246516,-122.79138553887606,4.4,1,37164.71,6085.65,29.03,21,105.80327323925535
Hee Rae Deung,Coquitlam,49.2475518179184,-122.891984134912,4.0,1,37257.14,5940.56,35.89,33,117.6303877635317
Pop's Pizza & Pasta,Coquitlam,49.23701,-122.87142,3.5,0,42000.0,3372.94,29.73,5,23.27778384412352
Pho Super Bowl,Coquitlam,49.261720508586464,-122.89092417221092,4.2,1,39423.53,5388.09,39.96,7,69.33719143485105
Pho Phu Thinh Restaurant,Coquitlam,49.2819779946262,-122.801139803735,3.9,0,36323.08,6152.4,29.36,19,66.51061897849252
Nonna’s Coquitlam,Coquitlam,49.23696,-122.87036,3.5,0,41890.91,3350.31,28.53,5,46.48367511716679
Delicious Pho,Coquitlam,49.282380380315,-122.798885696643,3.7,0,36093.33,7272.84,28.72,30,163.52325585604802
Aria Afghan Grill,Coquitlam,49.236929,-122.871916,4.4,1,42500.0,3232.3,30.45,5,59.72440443621601
C Market Coffee,Coquitlam,49.2338639121429,-122.8530460160252,4.0,1,42240.0,700.41,25.67,10,108.84860144791992
Sushi Boss,Coquitlam,49.2986583,-122.7872987,4.0,1,34066.67,4056.3,25.0,0,38.28218006642698
Me-n-Ed's Pizza Parlors,Coquitlam,49.24927,-122.86047,4.2,1,39811.76,3574.64,27.37,19,89.2156301817795
Crispy Falafel,Coquitlam,49.2352018438231,-122.855761778291,3.7,0,42280.0,2925.93,28.22,10,280.3625552961604
Pho 99,Coquitlam,49.27606,-122.7958,3.2,0,36345.45,6223.4,30.86,18,186.8516047430186
Maruhachi Ra-men,Coquitlam,49.28335,-122.7933949,3.9,0,36810.53,5832.29,28.33,31,29.984375396917336
Bbong,Coquitlam,49.243302112406,-122.891211349691,3.6,0,37828.57,4496.36,36.55,28,96.17154975482117
Fatburger,Coquitlam,49.23409,-122.86301,3.4,0,42466.67,3017.17,28.21,1,93.76611303931796
Browns Socialhouse Town Centre,Coquitlam,49.28247671487007,-122.7984179134894,3.4,0,36317.65,5965.49,28.12,34,147.9017982761781
House of Tofu Soup,Burnaby,49.2432776889176,-122.893122291784,3.6,0,37920.0,4384.91,36.17,28,52.68614448049355
Kim's BBQ House,Coquitlam,49.23711399221517,-122.8531926,4.5,1,41800.0,3349.79,27.23,11,384.75424146810343
Jimmy's Place,Coquitlam,49.2471019412282,-122.890613009564,4.0,1,37813.33,5230.04,36.29,32,158.54911993416155
I Love KBBQ,Coquitlam,49.2488313,-122.86387866172522,5.0,1,39450.0,3810.34,27.79,22,94.7968174729652
Bubble World,Coquitlam,49.2790792849535,-122.794279898607,2.7,0,36528.57,6861.28,29.3,37,107.22257180022055
Hwa Won,Coquitlam,49.23363,-122.85335,5.0,1,42240.0,700.41,25.67,10,75.40193899367539
Austin Fish House,Coquitlam,49.24928,-122.86076,3.6,0,39811.76,3574.64,27.37,21,71.79518039592352
Nonhyun Chicken Hot Pot,Coquitlam,49.2435186165261,-122.890372127295,3.3,0,37828.57,4496.36,36.55,28,145.76474215862987
Narita Sushi,Coquitlam,49.23363,-122.85335,3.8,0,42240.0,700.41,25.67,10,75.40193899367539
Dim Sum World,Coquitlam,49.28083,-122.79272,3.8,0,36905.88,5750.39,28.53,36,84.17034302444189
Nagano Japanese Restaurant,Coquitlam,49.2819484741704,-122.799879881647,3.6,0,36185.71,6493.74,28.08,22,117.84326723353635
South Castle Korean Restaurant,Coquitlam,49.2487155457237,-122.859535957053,4.1,1,39311.11,3830.66,27.58,18,94.31851329994768
Matoi Sushi,Coquitlam,49.274538,-122.791584,3.5,0,37022.22,5757.08,32.58,13,38.9086604941476
Sushi Karis,Coquitlam,49.2493462644793,-122.86582890898,4.3,1,39247.06,3100.66,27.5,18,32.84686437647724
La Ruota Pizzeria,Coquitlam,49.282258,-122.796297,3.5,0,35823.53,6071.16,28.19,35,57.649106780768264
Shin Ya Shanghai Cuisine,Coquitlam,49.28083,-122.79272,4.0,1,36905.88,5750.39,28.53,36,84.17034302444189
Shiok,Burnaby,49.25176337245633,-122.8961267,4.5,1,38188.89,5870.4,36.89,13,180.18058481425052
Bukjang Korean Restaurant,Coquitlam,49.2451096,-122.8924103,3.9,0,37828.57,4496.36,36.55,30,50.66501326670212
Mega Sushi,Coquitlam,49.24858070525632,-122.81784885439474,3.9,0,47250.0,2559.59,20.91,2,150.82349611206712
Milestones,Coquitlam,49.2784,-122.80925,3.2,0,39430.77,4861.0,28.46,7,57.4889393719166
Chuan Chili House,Coquitlam,49.28224556461602,-122.79592465596284,4.6,1,35887.5,6061.08,28.36,36,44.79584312278727
Soup Plus,Coquitlam,49.24868,-122.86186,3.8,0,39025.0,4196.53,28.2,22,32.857353856098484
Mercado Mexican Market & Taqueria - by Original's,Coquitlam,49.2786,-122.819064,3.7,0,46566.67,3008.56,23.95,2,72.65243069111244
North Garden Restaurant,Coquitlam,49.261465,-122.888345,3.2,0,39122.22,5581.35,40.17,7,85.39953624591898
Xpress Donair House,Coquitlam,49.2825351,-122.7966402,4.3,1,35823.53,6071.16,28.19,34,32.14435673505325
PappaRoti,Coquitlam,49.2840263,-122.793144,4.1,1,37155.56,5992.23,29.3,28,14.539875590339106
Sushi California,Coquitlam,49.2493323318395,-122.892389360117,3.4,0,37725.0,6448.87,38.82,17,93.21470444047259
Cora,Coquitlam,49.274923,-122.791039,3.7,0,37600.0,5967.87,32.31,13,34.7674564950195
Neptune Seafood Restaurant,Coquitlam,49.2772716,-122.8004566,3.5,0,36538.46,5005.46,29.68,12,216.43067599489152
Pho & Japolo,Burnaby,49.253645,-122.892575,3.7,0,38136.84,7484.91,40.21,13,59.55693172317013
Don Chepe's Restaurant,Coquitlam,49.2365844,-122.8530121,3.3,0,41955.56,3320.68,27.13,11,400.1779195259336
Milaap Indian Kitchen,Coquitlam,49.28330247934861,-122.81049934213397,4.0,1,40152.94,4637.01,27.5,3,96.70510347126073
MR MIKES,Coquitlam,49.27726890000161,-122.79442574110844,3.3,0,36357.14,6786.72,29.28,28,105.87931984077949
Tong's Gourmet House,Coquitlam,49.2800129185451,-122.792744748294,4.0,1,36653.33,6706.61,29.12,35,57.742189139355794
Jasmine Cafe Chinese Restaurant,Coquitlam,49.2493694,-122.8678328,3.3,0,39247.06,3100.66,27.5,12,125.37645314915572
Yewon Korean Restaurant,Coquitlam,49.2446349,-122.8922024,3.8,0,37828.57,4496.36,36.55,28,57.543046315943485
Great Canadian Casino Vancouver,Coquitlam,49.2276116,-122.8378131,2.5,0,43200.0,386.3,23.87,2,99.8072074319062
Bukchigo Jangguchigo,Coquitlam,49.2448065004847,-122.891679704792,4.0,1,37828.57,4496.36,36.55,28,47.50225176483022
Melody Market And Sushi,Coquitlam,49.24084311889563,-122.85300649997036,4.4,1,41171.43,3067.23,26.55,4,21.158823749693454
Sinjeon,Coquitlam,49.24396973613672,-122.89084557650504,4.7,1,37828.57,4496.36,36.55,28,129.93184424216727
Lucky Gate Chinese Restaurant,Coquitlam,49.24926,-122.85909,2.9,0,39311.11,3830.66,27.58,18,72.77676033569318
Manlijangseong,Coquitlam,49.2821912,-122.7999819,4.8,1,36185.71,6493.74,28.08,22,95.76227638530504
Yoko Sushi ,Coquitlam,49.2492979663881,-122.867572732974,3.7,0,39247.06,3100.66,27.5,13,104.90112986596874
John B Neighbourhood Pub,Coquitlam,49.24869,-122.86724,3.6,0,39266.67,3143.01,27.04,14,75.70670157484547
Hangang Korean Restaurant,Coquitlam,49.24868041062316,-122.85874128895492,4.1,1,39311.11,3830.66,27.58,16,41.69154945596007
Pasta Polo,Coquitlam,49.277518823721,-122.80783903308,3.1,0,39430.77,4861.0,28.46,7,85.40268263219109
Sushi Tree,Coquitlam,49.28064321231323,-122.79281080583212,4.4,1,36905.88,5750.39,28.53,36,73.50765056667845
Kuai Wei Jia,Coquitlam,49.2798956,-122.7928573,4.3,1,36653.33,6706.61,29.12,36,54.4576308419679
Fairways Grill & Patio,Coquitlam,49.30578,-122.80557,3.1,0,36766.67,2381.08,20.31,0,72.58405931925714
Sushi Koo,Coquitlam,49.2825351,-122.7966402,3.5,0,35823.53,6071.16,28.19,34,32.14435673505325
Browns Socialhouse,Coquitlam,49.23414737932616,-122.8578171723598,3.6,0,42750.0,2746.48,27.92,10,195.68673002544787
Xiang Yuan Qiao,Coquitlam,49.2785944880292,-122.792303189635,3.8,0,37164.71,6085.65,29.03,29,124.03698625772469
Jamila's Kitchen & Grill,Coquitlam,49.2782526718203,-122.811236373515,3.7,0,40116.67,4903.26,28.58,7,114.83207873032057
DONI,Coquitlam,49.28009000000029,-122.79263067062894,4.5,1,36500.0,7060.52,29.2,34,64.82667503702467
Koreana Restaurant,Coquitlam,49.2493709222092,-122.86761,4.1,1,39247.06,3100.66,27.5,13,110.86717476262349
Yeun Kyung,Burnaby,49.24508385858607,-122.89320889860392,3.9,0,37828.57,4496.36,36.55,30,95.36888660088097
Obanhmi,Coquitlam,49.25146979467957,-122.89236869663002,4.5,1,37484.21,6462.09,38.85,14,115.57415054862089
Secret Garden Korean Fusion Buffet & Grill,Burnaby,49.25268330907403,-122.89816191460868,3.6,0,39388.89,5947.49,36.07,11,79.80805777512072
Insadong Korean Restaurant,Coquitlam,49.2457360677118,-122.891493104171,3.5,0,37975.0,4444.72,36.05,31,58.8013615862242
Woking Dragon,Coquitlam,49.2838747027523,-122.810149566042,3.5,0,40077.78,4908.32,27.2,3,50.18469083842116
M Cafe,Coquitlam,49.278244999020686,-122.80725787060275,2.9,0,38450.0,4912.68,28.7,6,75.52478473914702
Ibex Cafe And Kitchen,Coquitlam,49.29492858174979,-122.74078297452256,3.9,0,44400.0,2402.04,29.09,0,181.96510619752974
Praguery,Coquitlam,49.28561589405232,-122.79052472086718,3.8,0,37726.32,6733.2,28.71,4,66.5779489341145
Cafe Ciel,Coquitlam,49.28159676519096,-122.7959246318604,3.5,0,35800.0,6180.76,28.57,38,115.7374587692068
Waves Coffee House,Coquitlam,49.2784614,-122.7985418,3.0,0,36292.31,6123.08,30.58,36,221.5856400274941
JJ Cafe Korean Snack Bar,Coquitlam,49.271577,-122.792133,0.0,0,38400.0,4055.69,29.22,5,281.9355805567033
Bubble Waffle Cafe,Vancouver,49.21864286799033,-123.0400156144884,1.0,0,36800.0,3696.72,25.13,0,108.73587680416045
Cafe 1892,Vancouver,49.26983439069651,-123.02615232059864,0.0,0,35687.5,4858.47,37.93,0,187.7207419705834
High Bid Café,Richmond,49.1634827,-123.0244064,1.0,0,,,,0,552.40399670195
Noor's Cafe Original,Burnaby,49.2545851,-123.0219998,0.0,0,38320.0,2574.45,28.44,7,41.012750926006596
Elements Cafe,Burnaby,49.2640726,-123.0197851,2.5,0,35575.0,4774.12,41.75,3,41.98495820083693
